position,mass,velocity
[-4.42521071e+33  4.62379473e+31],1e+30,[-4.49259970e+26  4.69420785e+24]
[ 6.10195254e+33 -1.07909614e+33],1e+30,[ 6.19487568e+26 -1.09552908e+26]
[ 6.48448047e+32 -3.10381954e+33],1e+30,[ 6.58322891e+25 -3.15108583e+26]
[-2.27316337e+33 -3.60782768e+33],1e+30,[-2.30778007e+26 -3.66276922e+26]
[ 2.84317864e+33 -1.17144343e+33],1e+30,[ 2.88647577e+26 -1.18928267e+26]
[-2.46132216e+31  3.01733450e+33],1e+30,[-2.49880422e+24  3.06328375e+26]
[ 2.97619056e+34 -1.08554503e+34],1e+30,[ 3.02151326e+27 -1.10207617e+27]
[ 7.23598937e+33 -1.59692995e+33],1e+30,[ 7.34618210e+26 -1.62124868e+26]
[9.61752209e+32 2.52518287e+32],1e+30,[9.76398181e+25 2.56363743e+25]
[-3.80699966e+33 -1.16284323e+33],1e+30,[-3.86497427e+26 -1.18055151e+26]
[4.36170314e+33 5.48584524e+33],1e+30,[4.42812501e+26 5.56938603e+26]
[ 2.36152331e+33 -3.89237993e+33],1e+30,[ 2.39748559e+26 -3.95165475e+26]
[ 8.37891907e+32 -5.04430325e+33],1e+30,[ 8.50651683e+25 -5.12112005e+26]
[2.76528530e+32 2.30458837e+33],1e+30,[2.80739624e+25 2.33968362e+26]
[-1.83758740e+33  4.24505646e+33],1e+30,[-1.86557096e+26  4.30970199e+26]
[1.8718574e+34 5.6977445e+33],1e+30,[1.90036284e+27 5.78451218e+26]
[-2.96259259e+33  1.47577324e+33],1e+30,[-3.00770821e+26  1.49824695e+26]
[ 3.26515312e+33 -1.22229163e+34],1e+30,[ 3.31487627e+26 -1.24090521e+27]
[-1.15852383e+33 -3.58587601e+33],1e+30,[-1.17616633e+26 -3.64048326e+26]
[6.77481284e+33 9.41440776e+32],1e+30,[6.87798258e+26 9.55777437e+25]
[ 4.90847193e+34 -1.11623560e+34],1e+30,[ 4.98322023e+27 -1.13323411e+27]
[ 5.32528080e+33 -3.12887741e+33],1e+30,[ 5.40637644e+26 -3.17652529e+26]
[ 4.06858775e+33 -6.46768788e+32],1e+30,[ 4.13054594e+26 -6.56618059e+25]
[-2.56982007e+34 -7.17071759e+34],1e+30,[-2.60895439e+27 -7.27991633e+27]
[-1.92655748e+32 -6.92325605e+32],1e+30,[-1.95589591e+25 -7.02868634e+25]
[6.49169638e+32 5.13129919e+33],1e+30,[6.5905547e+25 5.2094408e+26]
[5.18186551e+33 1.39879017e+33],1e+30,[5.26077717e+26 1.42009154e+26]
[-1.19287406e+34  6.59451594e+33],1e+30,[-1.21103965e+27  6.69494004e+26]
[-1.42195636e+34 -4.03912297e+33],1e+30,[-1.44361051e+27 -4.10063245e+26]
[-5.57365984e+33 -1.71404962e+33],1e+30,[-5.65853791e+26 -1.74015190e+26]
[1.46908830e+32 2.47629758e+33],1e+30,[1.49146020e+25 2.51400769e+26]
[-4.0334553e+31  2.3580195e+33],1e+30,[-4.09487848e+24  2.39392843e+26]
[ 2.14333235e+34 -1.99232102e+34],1e+30,[ 2.17597193e+27 -2.02266094e+27]
[1.17507375e+33 5.24707333e+30],1e+30,[1.19296828e+26 5.32697800e+23]
[5.63915795e+33 1.31058393e+34],1e+30,[5.72503345e+26 1.33054206e+27]
[-6.79418663e+31 -1.34648961e+33],1e+30,[-6.89765140e+24 -1.36699453e+26]
[5.61738132e+33 1.17975837e+33],1e+30,[5.70292519e+26 1.19772424e+26]
[-2.09803614e+34  7.22786715e+33],1e+30,[-2.12998593e+27  7.33793619e+26]
[-5.28812583e+33  8.10386632e+32],1e+30,[-5.36865566e+26  8.22727545e+25]
[ 2.57617165e+33 -3.18431047e+32],1e+30,[ 2.61540269e+26 -3.23280251e+25]
[-6.60089302e+33 -1.21618293e+33],1e+30,[-6.70141424e+26 -1.23470348e+26]
[1.82390514e+32 6.26332985e+32],1e+30,[1.85168035e+25 6.35871050e+25]
[1.21245459e+33 5.20104109e+33],1e+30,[1.23091837e+26 5.28024477e+26]
[ 3.61570035e+33 -2.30977395e+33],1e+30,[ 3.67076178e+26 -2.34494817e+26]
[ 1.45316775e+34 -9.63651172e+33],1e+30,[ 1.47529721e+27 -9.78326063e+26]
[5.93271402e+33 1.08442099e+34],1e+30,[6.02305991e+26 1.10093502e+27]
[ 7.28808757e+32 -3.28140578e+33],1e+30,[ 7.39907367e+25 -3.33137643e+26]
[-1.30167206e+34 -3.31058738e+30],1e+30,[-1.32149447e+27 -3.36100242e+23]
[-5.04269182e+31 -3.85996315e+33],1e+30,[-5.11948409e+24 -3.91874431e+26]
[ 4.11167298e+33 -1.91288307e+33],1e+30,[ 4.17428729e+26 -1.94201327e+26]
[-2.55656735e+33  8.56564399e+33],1e+30,[-2.59549985e+26  8.69608527e+26]
[-2.63076991e+33 -3.70674635e+33],1e+30,[-2.67083240e+26 -3.76319427e+26]
[1.70206198e+34 6.00434822e+33],1e+30,[1.72798170e+27 6.09578499e+26]
[-2.40234231e+34  4.25709681e+33],1e+30,[-2.43892620e+27  4.32192569e+26]
[ 3.90378294e+33 -2.23452238e+34],1e+30,[ 3.96323141e+26 -2.26855064e+27]
[ 5.42881531e+33 -2.91514581e+33],1e+30,[ 5.51148763e+26 -2.95953890e+26]
[ 2.88020462e+33 -2.08262814e+33],1e+30,[ 2.92406560e+26 -2.11434329e+26]
[2.16104701e+34 1.44547967e+34],1e+30,[2.19395635e+27 1.46749205e+27]
[-5.40346580e+33  5.07382076e+33],1e+30,[-5.48575208e+26  5.15108707e+26]
[-5.47722967e+31  2.55141355e+33],1e+30,[-5.56063926e+24  2.59026756e+26]
[-2.06052548e+33  3.09069867e+33],1e+30,[-2.09190404e+26  3.13776515e+26]
[8.08140112e+33 1.21664943e+34],1e+30,[8.20446815e+26 1.23517709e+27]
[-2.68156480e+33  2.43653006e+33],1e+30,[-2.72240081e+26  2.47363458e+26]
[-1.29161898e+33 -4.84880795e+33],1e+30,[-1.31128831e+26 -4.92264767e+26]
[3.81966607e+33 4.63580775e+33],1e+30,[3.87783357e+26 4.70640381e+26]
[-5.49750823e+33 -6.36081892e+33],1e+30,[-5.58122663e+26 -6.45768419e+26]
[-4.93303443e+32  2.95323351e+33],1e+30,[-5.00815678e+25  2.99820661e+26]
[ 2.38190427e+34 -3.76646287e+33],1e+30,[ 2.41817693e+27 -3.82382017e+26]
[6.27917614e+33 6.55431157e+33],1e+30,[6.37479812e+26 6.65412342e+26]
[1.26712276e+33 8.71622128e+33],1e+30,[1.28641905e+26 8.84895562e+26]
[ 9.31389749e+32 -3.49937142e+33],1e+30,[ 9.45573349e+25 -3.55266134e+26]
[ 1.93694745e+33 -2.06354156e+33],1e+30,[ 1.96644411e+26 -2.09496605e+26]
[-3.79709962e+33 -1.62625507e+35],1e+30,[-3.85492348e+26 -1.65102037e+28]
[ 3.30614115e+32 -3.94299663e+33],1e+30,[ 3.35648848e+25 -4.00304226e+26]
[-9.27798918e+33  1.86949900e+34],1e+30,[-9.41927836e+26  1.89796853e+27]
[-4.06225698e+33 -2.02693855e+33],1e+30,[-4.12411876e+26 -2.05780564e+26]
[ 4.46693786e+33 -1.10857409e+34],1e+30,[ 4.53496230e+26 -1.12545593e+27]
[ 6.31906601e+33 -2.93479207e+33],1e+30,[ 6.41529544e+26 -2.97948433e+26]
[ 1.30544366e+34 -5.30199237e+33],1e+30,[ 1.32532351e+27 -5.38273337e+26]
[ 1.00306538e+34 -2.16598506e+34],1e+30,[ 1.01834049e+27 -2.19896961e+27]
[ 4.33806446e+34 -7.17729022e+34],1e+30,[ 4.40412636e+27 -7.28658905e+27]
[-5.71326014e+33 -5.60035291e+33],1e+30,[-5.80026410e+26 -5.68563747e+26]
[-1.20831541e+32  1.06941477e+33],1e+30,[-1.22671615e+25  1.08570027e+26]
[ 6.64601915e+33 -3.49225694e+33],1e+30,[ 6.74722756e+26 -3.54543851e+26]
[-2.08207441e+33 -7.03617779e+33],1e+30,[-2.11378113e+26 -7.14332771e+26]
[-9.56642573e+32 -2.59989078e+33],1e+30,[-9.71210734e+25 -2.63948302e+26]
[-4.56859419e+33 -9.40421791e+32],1e+30,[-4.63816669e+26 -9.54742935e+25]
[7.97124092e+34 5.91955626e+33],1e+30,[8.09263037e+27 6.00970179e+26]
[ 1.51042037e+33 -3.91583401e+33],1e+30,[ 1.5334217e+26 -3.9754660e+26]
[-1.59028398e+33  6.52477259e+33],1e+30,[-1.61450150e+26  6.62413461e+26]
[-9.10500261e+33  2.32847846e+32],1e+30,[-9.24365747e+26  2.36393752e+25]
[-5.42014539e+32 -3.48381993e+33],1e+30,[-5.50268567e+25 -3.53687302e+26]
[ 3.70840853e+33 -1.24918649e+33],1e+30,[ 3.76488176e+26 -1.26820964e+26]
[ 1.62322731e+33 -1.81488210e+33],1e+30,[ 1.64794651e+26 -1.84251989e+26]
[ 4.75588682e+33 -8.38598284e+31],1e+30,[ 4.82831149e+26 -8.51368817e+24]
[1.17528745e+34 2.35860451e+34],1e+30,[1.19318523e+27 2.39452235e+27]
[ 4.17115994e+32 -6.49516852e+33],1e+30,[ 4.23468015e+25 -6.59407972e+26]
[6.53314469e+32 1.26983843e+33],1e+30,[6.63263420e+25 1.28917607e+26]
[ 1.04643686e+34 -1.51773905e+33],1e+30,[ 1.06237245e+27 -1.54085182e+26]
[ 1.61688953e+33 -4.28375702e+33],1e+30,[ 1.64151222e+26 -4.34899190e+26]
[-1.56529324e+33  2.71171394e+33],1e+30,[-1.58913020e+26  2.75300907e+26]
[-3.54929128e+33  5.85179352e+31],1e+30,[-3.60334140e+26  5.94090713e+24]
[1.28345266e+33 1.50640228e+32],1e+30,[1.30299762e+26 1.52934241e+25]
[-2.46419661e+34  3.69146332e+34],1e+30,[-2.50172245e+27  3.74767849e+27]
[ 1.23724452e+34 -1.50764625e+34],1e+30,[ 1.25608580e+27 -1.53060533e+27]
[ 1.08007576e+34 -2.69907990e+33],1e+30,[ 1.09652361e+27 -2.74018264e+26]
[ 4.71791649e+32 -4.64749207e+33],1e+30,[ 4.78976293e+25 -4.71826606e+26]
[ 1.47051991e+33 -1.04196129e+33],1e+30,[ 1.49291361e+26 -1.05782872e+26]
[3.22067180e+33 6.22795885e+33],1e+30,[3.26971756e+26 6.32280086e+26]
[-3.22320832e+32  5.22478817e+33],1e+30,[-3.27229271e+25  5.30435347e+26]
[-5.40921994e+32 -2.99568012e+33],1e+30,[-5.49159385e+25 -3.04129961e+26]
[2.46519834e+33 7.53333747e+33],1e+30,[2.50273943e+26 7.64805835e+26]
[-2.55624832e+33  4.72783582e+32],1e+30,[-2.59517596e+26  4.79983332e+25]
[-4.57274615e+33  2.24739465e+33],1e+30,[-4.64238188e+26  2.28161894e+26]
[-1.17707849e+33 -7.66552503e+33],1e+30,[-1.19500354e+26 -7.78225892e+26]
[ 4.34493825e+33 -8.25940388e+33],1e+30,[ 4.41110482e+26 -8.38518160e+26]
[-3.16777227e+33 -3.12202347e+33],1e+30,[-3.21601246e+26 -3.16956697e+26]
[1.40893474e+33 6.21746009e+33],1e+30,[1.43039060e+26 6.31214223e+26]
[ 1.61551875e+33 -6.86581215e+31],1e+30,[ 1.64012056e+26 -6.97036767e+24]
[-1.62864313e+33 -8.52880889e+32],1e+30,[-1.65344481e+26 -8.65868922e+25]
[-6.28211897e+33  6.59254151e+33],1e+30,[-6.37778575e+26  6.69293554e+26]
[1.62463440e+33 3.65171839e+33],1e+30,[1.64937502e+26 3.70732831e+26]
[ 5.40901257e+33 -8.59153583e+33],1e+30,[ 5.49138332e+26 -8.72237140e+26]
[1.10502191e+34 2.18647354e+34],1e+30,[1.12184965e+27 2.21977009e+27]
[-1.49258249e+33 -2.01639427e+33],1e+30,[-1.51531217e+26 -2.04710078e+26]
[-1.07594220e+34 -9.67958832e+32],1e+30,[-1.09232710e+27 -9.82699322e+25]
[-1.49619731e+34 -6.38241731e+33],1e+30,[-1.51898205e+27 -6.47961149e+26]
[ 1.25205514e+33 -3.64606206e+32],1e+30,[ 1.27112197e+26 -3.70158584e+25]
[5.08643165e+33 1.00108761e+33],1e+30,[5.1638900e+26 1.0163326e+26]
[-2.65526752e+33 -1.92481451e+34],1e+30,[-2.69570307e+26 -1.95412641e+27]
[-4.12086816e+33  1.01513268e+33],1e+30,[-4.18362250e+26  1.03059156e+26]
[3.46421327e+33 1.87267198e+33],1e+30,[3.51696779e+26 1.90118983e+26]
[-1.52881732e+34 -5.43586845e+33],1e+30,[-1.55209880e+27 -5.51864817e+26]
[ 1.22522662e+33 -1.01135343e+32],1e+30,[ 1.24388490e+26 -1.02675475e+25]
[-9.71796106e+32 -1.61261558e+33],1e+30,[-9.86595032e+25 -1.63717318e+26]
[ 1.17990872e+33 -9.95928378e+32],1e+30,[ 1.19787687e+26 -1.01109480e+26]
[ 4.20337514e+34 -3.37467863e+34],1e+30,[ 4.26738592e+27 -3.42606967e+27]
[ 1.30830764e+34 -2.70888337e+34],1e+30,[ 1.32823111e+27 -2.75013540e+27]
[-9.58749525e+33 -4.82157897e+33],1e+30,[-9.73349772e+26 -4.89500403e+26]
[ 1.68099118e+33 -1.71297091e+33],1e+30,[ 1.70659004e+26 -1.73905676e+26]
[ 1.79335555e+34 -5.72514005e+32],1e+30,[ 1.82066553e+27 -5.81232492e+25]
[-4.44051122e+33 -3.89026172e+33],1e+30,[-4.50813322e+26 -3.94950429e+26]
[-2.14070588e+33 -1.11823332e+33],1e+30,[-2.17330546e+26 -1.13526225e+26]
[-2.14672120e+32  1.38460924e+33],1e+30,[-2.17941239e+25  1.40569466e+26]
[ 3.13216265e+33 -1.17059383e+33],1e+30,[ 3.17986056e+26 -1.18842013e+26]
[-1.03698207e+33 -1.18341407e+32],1e+30,[-1.05277368e+26 -1.20143560e+25]
[-1.23154001e+33  1.14070579e+33],1e+30,[-1.25029442e+26  1.15807694e+26]
[-1.97128366e+33 -1.61049331e+33],1e+30,[-2.00130321e+26 -1.63501859e+26]
[-4.51208818e+32 -2.24758787e+33],1e+30,[-4.58080018e+25 -2.28181509e+26]
[ 1.82448263e+33 -3.86451502e+33],1e+30,[ 1.85226663e+26 -3.92336550e+26]
[ 1.07591437e+33 -4.97405966e+33],1e+30,[ 1.09229885e+26 -5.04980676e+26]
[4.73090244e+33 1.78325877e+33],1e+30,[4.80294664e+26 1.81041500e+26]
[6.76087046e+31 2.14924476e+33],1e+30,[6.86382788e+24 2.18197437e+26]
[-1.00363953e+33  9.28180545e+32],1e+30,[-1.01892338e+26  9.42315274e+25]
[-1.38148622e+33 -1.54300452e+33],1e+30,[-1.40252408e+26 -1.56650205e+26]
[-3.65804625e+33  2.23517838e+32],1e+30,[-3.71375254e+26  2.26921663e+25]
[ 2.10607421e+33 -8.35180114e+33],1e+30,[ 2.13814641e+26 -8.47898593e+26]
[-5.35030919e+32  7.32015444e+32],1e+30,[-5.43178598e+25  7.43162888e+25]
[-1.50004565e+33  5.15166428e+32],1e+30,[-1.52288898e+26  5.23011602e+25]
[-9.46330726e+32  3.38007148e+33],1e+30,[-9.60741854e+25  3.43154465e+26]
[-1.59321875e+33 -5.50971052e+33],1e+30,[-1.61748097e+26 -5.59361474e+26]
[ 3.03955852e+33 -2.00596415e+33],1e+30,[ 3.08584621e+26 -2.03651182e+26]
[2.38903409e+33 4.00399588e+33],1e+30,[2.42541532e+26 4.06497043e+26]
[-9.08988276e+31  2.29682941e+33],1e+30,[-9.22830737e+24  2.33180651e+26]
[ 1.80927785e+34 -6.55543240e+33],1e+30,[ 1.83683030e+27 -6.65526132e+26]
[-1.15277695e+33 -2.73930227e+33],1e+30,[-1.17033193e+26 -2.78101753e+26]
[-1.77399526e+34  3.06099674e+33],1e+30,[-1.80101041e+27  3.10761090e+26]
[1.07719695e+33 1.82149440e+33],1e+30,[1.09360097e+26 1.84923289e+26]
[-2.74069752e+33 -1.42200070e+34],1e+30,[-2.78243403e+26 -1.44365554e+27]
[-5.38951002e+31 -2.40359391e+33],1e+30,[-5.47158378e+24 -2.44019686e+26]
[2.58490495e+33 1.81205899e+33],1e+30,[2.62426898e+26 1.83965380e+26]
[-2.30797032e+33  8.06772515e+32],1e+30,[-2.34311708e+26  8.19058391e+25]
[-3.81757087e+33  7.35344987e+33],1e+30,[-3.87570646e+26  7.46543134e+26]
[-1.37292762e+33 -1.83361473e+33],1e+30,[-1.39383515e+26 -1.86153780e+26]
[ 1.23502458e+33 -1.85433109e+33],1e+30,[ 1.25383207e+26 -1.88256964e+26]
[ 8.95724894e+33 -3.21698424e+33],1e+30,[ 9.09365375e+26 -3.26597385e+26]
[-1.83695915e+33  3.02228676e+33],1e+30,[-1.86493315e+26  3.06831143e+26]
[4.52640181e+33 2.71996751e+35],1e+30,[4.59533178e+26 2.76138833e+28]
[4.57497209e+33 4.83355073e+33],1e+30,[4.64464172e+26 4.90715811e+26]
[-6.65818823e+31 -3.40954879e+33],1e+30,[-6.75958196e+24 -3.46147085e+26]
[ 2.48775832e+33 -6.53396206e+33],1e+30,[ 2.52564297e+26 -6.63346402e+26]
[-1.29828369e+34 -6.20887466e+33],1e+30,[-1.31805450e+27 -6.30342605e+26]
[-2.88941410e+33  2.99631141e+33],1e+30,[-2.93341533e+26  3.04194052e+26]
[-1.06254023e+33 -1.78243669e+33],1e+30,[-1.07872105e+26 -1.80958039e+26]
[ 8.99204518e+33 -7.41108298e+33],1e+30,[ 9.12897988e+26 -7.52394211e+26]
[8.63096647e+33 1.14452220e+34],1e+30,[8.76240251e+26 1.16195147e+27]
[ 2.23743181e+33 -4.91032481e+33],1e+30,[ 2.27150437e+26 -4.98510133e+26]
[-7.16014301e+33 -1.10282839e+34],1e+30,[-7.26918072e+26 -1.11962273e+27]
[ 2.71857744e+33 -7.72296134e+33],1e+30,[ 2.75997710e+26 -7.84056989e+26]
[ 2.14851563e+33 -1.08983299e+32],1e+30,[ 2.18123414e+26 -1.10642943e+25]
[-4.69148730e+33  2.32263432e+33],1e+30,[-4.76293126e+26  2.35800439e+26]
[-2.80673286e+33 -2.85893195e+33],1e+30,[-2.84947498e+26 -2.90246898e+26]
[-6.92186609e+32 -2.16355984e+32],1e+30,[-7.02727522e+25 -2.19650745e+25]
[-1.84113715e+33 -8.21298712e+32],1e+30,[-1.86917477e+26 -8.33805799e+25]
[-1.26675996e+34 -7.19714348e+33],1e+30,[-1.28605072e+27 -7.30674465e+26]
[-3.74945006e+34  6.35573129e+34],1e+30,[-3.80654828e+27  6.45251908e+27]
[1.18869117e+34 9.18091030e+32],1e+30,[1.20679307e+27 9.32072112e+25]
[-2.41567198e+32  1.37880299e+34],1e+30,[-2.45245886e+25  1.39979999e+27]
[-3.16018553e+33 -8.38994611e+32],1e+30,[-3.20831018e+26 -8.51771178e+25]
[ 2.64671997e+32 -2.72201095e+33],1e+30,[ 2.68702535e+25 -2.76346290e+26]
[-7.42110512e+33 -1.26432408e+33],1e+30,[-7.53411687e+26 -1.28357774e+26]
[ 1.26965968e+32 -2.95753401e+33],1e+30,[ 1.2889946e+25 -3.0025726e+26]
[ 1.35883025e+32 -4.00034764e+33],1e+30,[ 1.37952310e+25 -4.06126664e+26]
[ 3.55861341e+33 -1.83415098e+32],1e+30,[ 3.61280550e+26 -1.86208221e+25]
[-8.97224288e+31 -3.07006532e+33],1e+30,[-9.10887602e+24 -3.11681759e+26]
[-2.90962895e+33 -1.21343345e+33],1e+30,[-2.95393802e+26 -1.23191213e+26]
[ 1.83443051e+35 -8.69842008e+34],1e+30,[ 1.86236600e+28 -8.83088333e+27]
[-5.45515731e+33  5.05031652e+33],1e+30,[-5.53823077e+26  5.12722490e+26]
[-5.60977549e+33  3.91229190e+33],1e+30,[-5.69520354e+26  3.97186995e+26]
[1.41676251e+34 1.26254823e+33],1e+30,[1.43833758e+27 1.28177485e+26]
[ 4.75775949e+32 -3.54686449e+33],1e+30,[ 4.83021268e+25 -3.60087765e+26]
[ 1.39720771e+33 -4.24841630e+32],1e+30,[ 1.41848498e+26 -4.31311300e+25]
[-1.27398511e+34 -9.65128313e+33],1e+30,[-1.29338589e+27 -9.79825698e+26]
[-7.11546216e+31  7.04797422e+33],1e+30,[-7.22381946e+24  7.15530378e+26]
[-4.74707858e+32  5.57691079e+33],1e+30,[-4.81936911e+25  5.66183837e+26]
[8.37430416e+32 2.64483410e+33],1e+30,[8.50183164e+25 2.68511076e+26]
[-5.88032516e+33  1.48467931e+33],1e+30,[-5.96987326e+26  1.50728863e+26]
[-4.46295522e+32  3.34206820e+33],1e+30,[-4.53091901e+25  3.39296264e+26]
[-1.73821007e+33  2.49123231e+33],1e+30,[-1.76468027e+26  2.52916986e+26]
[-3.03777157e+32 -1.22135972e+33],1e+30,[-3.08403205e+25 -1.23995911e+26]
[6.92768390e+32 4.65243281e+33],1e+30,[7.03318163e+25 4.72328204e+26]
[1.55414299e+34 6.55819098e+33],1e+30,[1.57781014e+27 6.65806191e+26]
[4.50203225e+33 5.51625194e+33],1e+30,[4.57059112e+26 5.60025577e+26]
[-4.48348966e+33 -1.88549682e+33],1e+30,[-4.55176615e+26 -1.91420997e+26]
[1.00642635e+33 3.17588294e+34],1e+30,[1.02175264e+26 3.22424664e+27]
[-4.22365773e+33  2.76278363e+33],1e+30,[-4.28797739e+26  2.80485648e+26]
[-1.69734865e+34  1.41571920e+34],1e+30,[-1.72319660e+27  1.43727838e+27]
[4.41797528e+32 1.10611736e+31],1e+30,[4.48525409e+25 1.12296179e+24]
[-4.00171461e+33  7.69981187e+32],1e+30,[-4.06265443e+26  7.81706789e+25]
[7.87107706e+32 1.39633585e+32],1e+30,[7.99094117e+25 1.41759985e+25]
[3.16839808e+33 1.07314583e+32],1e+30,[3.21664779e+26 1.08948816e+25]
[-1.52360220e+34 -1.01602811e+34],1e+30,[-1.54680427e+27 -1.03150062e+27]
[-2.52804812e+34 -4.82792847e+34],1e+30,[-2.56654631e+27 -4.90145022e+27]
[-7.11703964e+31 -4.01776596e+33],1e+30,[-7.22542095e+24 -4.07895021e+26]
[2.29798061e+34 3.79396950e+34],1e+30,[2.33297524e+27 3.85174568e+27]
[-1.93931108e+33  4.45052530e+33],1e+30,[-1.96884374e+26  4.51829980e+26]
[1.64857014e+33 3.53000556e+32],1e+30,[1.67367527e+26 3.58376199e+25]
[ 2.07519483e+33 -1.79575242e+33],1e+30,[ 2.10679678e+26 -1.82309890e+26]
[ 4.19944507e+33 -6.87308427e+33],1e+30,[ 4.26339601e+26 -6.97775053e+26]
[-5.96177458e+33  4.23385140e+33],1e+30,[-6.05256303e+26  4.29832630e+26]
[-1.27649887e+33  2.09508674e+32],1e+30,[-1.29593794e+26  2.12699162e+25]
[-1.10370631e+33  2.86894689e+33],1e+30,[-1.12051402e+26  2.91263643e+26]
[ 1.46600583e+33 -1.47024580e+33],1e+30,[ 1.48833079e+26 -1.49263533e+26]
[ 1.05366828e+33 -3.65312887e+33],1e+30,[ 1.06971399e+26 -3.70876028e+26]
[-4.56252035e+33  1.12203185e+34],1e+30,[-4.63200036e+26  1.13911863e+27]
[-1.33480666e+33 -7.23627920e+33],1e+30,[-1.35513367e+26 -7.34647634e+26]
[-3.16430025e+34  7.64359326e+34],1e+30,[-3.21248757e+27  7.75999316e+27]
[ 1.90742965e+33 -1.29118111e+34],1e+30,[ 1.93647680e+26 -1.31084377e+27]
[-1.65275838e+33 -5.51523283e+33],1e+30,[-1.67792729e+26 -5.59922115e+26]
[1.56128014e+35 1.71630509e+35],1e+30,[1.58505598e+28 1.74244171e+28]
[-1.10348553e+33 -4.62198337e+33],1e+30,[-1.12028988e+26 -4.69236890e+26]
[ 4.40971663e+32 -1.18266315e+33],1e+30,[ 4.47686967e+25 -1.20067325e+26]
[-1.81626642e+34  1.86724406e+33],1e+30,[-1.84392530e+27  1.89567925e+26]
[ 3.06265852e+33 -3.24996345e+33],1e+30,[ 3.10929799e+26 -3.29945528e+26]
[ 7.43432460e+32 -6.96318621e+33],1e+30,[ 7.54753766e+25 -7.06922458e+26]
[ 4.26474796e+34 -2.23139648e+34],1e+30,[ 4.32969336e+27 -2.26537714e+27]
[-8.89351076e+32  1.61033127e+33],1e+30,[-9.02894493e+25  1.63485408e+26]
[8.79979151e+32 4.78641352e+33],1e+30,[8.93379848e+25 4.85930306e+26]
[ 1.92946018e+35 -9.19756477e+34],1e+30,[ 1.95884282e+28 -9.33762921e+27]
[-3.01139467e+33  2.74244591e+33],1e+30,[-3.05725348e+26  2.78420904e+26]
[1.26229789e+33 2.41399731e+33],1e+30,[1.28152070e+26 2.45075869e+26]
[ 7.68370697e+31 -3.96787758e+33],1e+30,[ 7.80071774e+24 -4.02830211e+26]
[-5.1146379e+34  7.8084888e+34],1e+30,[-5.19252578e+27  7.92739980e+27]
[ 6.12614330e+33 -4.27862615e+33],1e+30,[ 6.21943482e+26 -4.34378290e+26]
[ 8.58256624e+31 -3.58317436e+33],1e+30,[ 8.71326521e+24 -3.63774047e+26]
[-3.62176483e+33 -3.13758232e+33],1e+30,[-3.67691861e+26 -3.18536276e+26]
[-1.75234985e+32  1.49925422e+32],1e+30,[-1.77903538e+25  1.52208551e+25]
[1.02039915e+33 1.21229378e+33],1e+30,[1.03593822e+26 1.23075510e+26]
[8.01879622e+33 2.91819783e+33],1e+30,[8.14090987e+26 2.96263739e+26]
[ 2.63146898e+33 -9.56692187e+32],1e+30,[ 2.67154211e+26 -9.71261104e+25]
[-5.16100912e+33 -2.60574733e+32],1e+30,[-5.23960317e+26 -2.64542877e+25]
[ 1.26781626e+33 -8.27612936e+32],1e+30,[ 1.28712310e+26 -8.40216179e+25]
[ 2.31043138e+33 -6.33262844e+32],1e+30,[ 2.34561562e+26 -6.42906440e+25]
[-2.24889766e+33 -1.44868163e+33],1e+30,[-2.28314483e+26 -1.47074277e+26]
[-2.23352601e+33 -1.35813199e+33],1e+30,[-2.2675391e+26 -1.3788142e+26]
[ 1.00329361e+34 -9.13822813e+33],1e+30,[ 1.01857219e+27 -9.27738896e+26]
[-2.63211402e+33 -1.89490368e+33],1e+30,[-2.67219697e+26 -1.92376008e+26]
[-4.19096979e+33 -7.87244992e+33],1e+30,[-4.25479167e+26 -7.99233495e+26]
[-2.59927071e+33  1.28447234e+33],1e+30,[-2.63885351e+26  1.30403283e+26]
[ 2.33067491e+32 -5.98852743e+32],1e+30,[ 2.36616742e+25 -6.07972328e+25]
[4.06836256e+33 1.19054979e+34],1e+30,[4.13031732e+26 1.20867999e+27]
[-4.13231163e+34  1.72286335e+34],1e+30,[-4.19524023e+27  1.74909985e+27]
[-1.14154651e+33  1.64759312e+33],1e+30,[-1.15893046e+26  1.67268337e+26]
[ 1.98989848e+34 -9.01533136e+33],1e+30,[ 2.02020150e+27 -9.15262067e+26]
[-1.95721600e+33  3.36878923e+33],1e+30,[-1.98702132e+26  3.42009058e+26]
[-2.97512442e+33 -1.39749935e+33],1e+30,[-3.02043088e+26 -1.41878106e+26]
[-2.26571251e+33 -3.28403866e+33],1e+30,[-2.30021574e+26 -3.33404940e+26]
[1.51866147e+33 1.37190633e+33],1e+30,[1.54178829e+26 1.39279830e+26]
[3.29336775e+33 1.33179581e+33],1e+30,[3.34352056e+26 1.35207697e+26]
[-3.03801406e+33  1.59423129e+33],1e+30,[-3.08427824e+26  1.61850892e+26]
[ 2.35405981e+32 -2.38426941e+33],1e+30,[ 2.38990844e+25 -2.42057808e+26]
[-2.60666661e+32 -8.29554889e+32],1e+30,[-2.64636204e+25 -8.42187705e+25]
[1.35090933e+33 6.89619434e+33],1e+30,[1.37148156e+26 7.00121253e+26]
[2.11004317e+32 3.91808833e+33],1e+30,[2.14217581e+25 3.97775465e+26]
[-1.25866965e+33  1.03367161e+33],1e+30,[-1.27783721e+26  1.04941280e+26]
[ 1.88513193e+33 -1.46016668e+33],1e+30,[ 1.91383952e+26 -1.48240272e+26]
[4.16477850e+33 1.94046735e+33],1e+30,[4.22820153e+26 1.97001761e+26]
[-4.45089573e+32 -9.47875262e+32],1e+30,[-4.51867587e+25 -9.62309911e+25]
[-5.64939082e+33 -2.19892301e+33],1e+30,[-5.73542216e+26 -2.23240914e+26]
[-2.03346225e+33 -2.67005594e+33],1e+30,[-2.06442869e+26 -2.71071669e+26]
[1.86488724e+33 3.79591752e+33],1e+30,[1.89328654e+26 3.85372337e+26]
[-2.97314333e+33 -2.65017789e+34],1e+30,[-3.01841962e+26 -2.69053593e+27]
[ 2.04561498e+33 -2.83152120e+33],1e+30,[ 2.07676648e+26 -2.87464081e+26]
[2.04679674e+33 6.46700929e+32],1e+30,[2.07796624e+26 6.56549166e+25]
[-2.26299032e+33  2.22778757e+33],1e+30,[-2.29745210e+26  2.26171327e+26]
[ 2.15235299e+33 -1.70046249e+32],1e+30,[ 2.18512994e+26 -1.72635785e+25]
[ 7.61316095e+33 -1.83678241e+34],1e+30,[ 7.72909741e+26 -1.86475372e+27]
[ 4.66460076e+33 -5.04861844e+33],1e+30,[ 4.73563529e+26 -5.12550095e+26]
[ 1.94843956e+33 -1.58244426e+33],1e+30,[ 1.97811123e+26 -1.60654240e+26]
[-1.80294036e+34 -4.11681852e+34],1e+30,[-1.83039631e+27 -4.17951119e+27]
[ 1.50288360e+34 -2.21080797e+34],1e+30,[ 1.52577015e+27 -2.24447509e+27]
[1.13187015e+32 2.61912350e+33],1e+30,[1.14910676e+25 2.65900863e+26]
[2.79565212e+33 3.00281018e+32],1e+30,[2.83822551e+26 3.04853826e+25]
[-5.46483730e+33  6.07030544e+32],1e+30,[-5.54805817e+26  6.16274663e+25]
[-7.62901469e+33  2.44846097e+33],1e+30,[-7.74519258e+26  2.48574717e+26]
[5.62807842e+33 1.83878717e+34],1e+30,[5.71378519e+26 1.86678900e+27]
[-2.21411829e+33 -1.96654597e+33],1e+30,[-2.24783582e+26 -1.99649337e+26]
[ 2.91163640e+33 -1.74519368e+33],1e+30,[ 2.95597604e+26 -1.77177024e+26]
[-1.57843884e+34 -5.95156604e+33],1e+30,[-1.60247598e+27 -6.04219902e+26]
[-4.23119373e+33 -4.78718048e+33],1e+30,[-4.29562815e+26 -4.86008171e+26]
[-1.80052223e+33  2.82893027e+33],1e+30,[-1.82794135e+26  2.87201043e+26]
[-2.01296012e+34  1.43684426e+34],1e+30,[-2.04361434e+27  1.45872514e+27]
[-2.16943390e+33 -2.14278622e+33],1e+30,[-2.20247096e+26 -2.17541748e+26]
[-8.97310160e+33  8.36757102e+33],1e+30,[-9.10974782e+26  8.49499596e+26]
[ 1.75706100e+33 -1.72868959e+33],1e+30,[ 1.78381828e+26 -1.75501481e+26]
[-2.45735461e+33  6.15266467e+32],1e+30,[-2.49477626e+26  6.24636007e+25]
[9.75487353e+32 1.51064206e+32],1e+30,[9.90342491e+25 1.53364677e+25]
[-4.64943293e+33 -3.75717801e+33],1e+30,[-4.72023648e+26 -3.81439392e+26]
[2.27168660e+33 6.02261322e+33],1e+30,[2.30628081e+26 6.11432814e+26]
[-1.98388358e+33  2.01385664e+33],1e+30,[-2.01409501e+26  2.04452451e+26]
[ 4.3540948e+33 -4.6769985e+33],1e+30,[ 4.42040081e+26 -4.74822183e+26]
[-1.01450722e+33  1.14636927e+33],1e+30,[-1.02995657e+26  1.16382667e+26]
[-3.42541598e+33  2.20754612e+33],1e+30,[-3.47757967e+26  2.24116357e+26]
[-1.47028093e+33  1.29281260e+33],1e+30,[-1.4926710e+26  1.3125001e+26]
[1.86512199e+36 6.65179667e+35],1e+30,[1.89352487e+29 6.75309306e+28]
[5.59577475e+32 3.23341286e+32],1e+30,[5.68098960e+25 3.28265265e+25]
[-2.7016729e+33 -2.1520380e+33],1e+30,[-2.74281513e+26 -2.18481015e+26]
[2.02019061e+34 9.98612727e+33],1e+30,[2.05095494e+27 1.01382003e+27]
[2.10510220e+34 3.05941496e+33],1e+30,[2.13715960e+27 3.10600503e+26]
[1.55951566e+34 2.96921349e+34],1e+30,[1.58326463e+27 3.01442994e+27]
[-8.43869081e+32  2.03654597e+32],1e+30,[-8.56719879e+25  2.06755937e+25]
[-2.29688772e+33 -2.34282149e+33],1e+30,[-2.33186570e+26 -2.37849898e+26]
[ 3.34031178e+33 -4.38404383e+32],1e+30,[ 3.39117947e+26 -4.45080592e+25]
[4.44006128e+32 8.31396285e+31],1e+30,[4.50767642e+25 8.44057142e+24]
[1.76321063e+32 1.10587786e+33],1e+30,[1.79006156e+25 1.12271864e+26]
[-3.60904777e+33  3.15436162e+33],1e+30,[-3.66400789e+26  3.20239759e+26]
[-2.02527692e+33  2.83626349e+33],1e+30,[-2.05611870e+26  2.87945532e+26]
[-1.07987983e+34  5.66918777e+33],1e+30,[-1.09632470e+27  5.75552058e+26]
[1.81633252e+33 2.83862757e+33],1e+30,[1.8439924e+26 2.8818554e+26]
[5.30628434e+34 1.17584477e+35],1e+30,[5.38709070e+27 1.19375103e+28]
[-2.63256554e+34  3.21110575e+33],1e+30,[-2.67265537e+27  3.26000584e+26]
[-2.85135358e+33 -7.88055145e+33],1e+30,[-2.89477521e+26 -8.00055985e+26]
[ 6.10806037e+33 -1.79875732e+33],1e+30,[ 6.20107652e+26 -1.82614956e+26]
[-1.25584256e+34  3.43449014e+33],1e+30,[-1.27496706e+27  3.48679202e+26]
[-7.04481445e+32  6.02894867e+32],1e+30,[-7.15209589e+25  6.12076007e+25]
[-1.66830240e+33  1.93926493e+32],1e+30,[-1.69370802e+26  1.96879688e+25]
[ 1.05549351e+33 -1.45429611e+33],1e+30,[ 1.07156701e+26 -1.47644276e+26]
[ 2.58805039e+33 -6.28987722e+32],1e+30,[ 2.62746232e+26 -6.38566215e+25]
[ 1.92532012e+33 -4.86253633e+33],1e+30,[ 1.95463972e+26 -4.93658511e+26]
[ 4.73676744e+33 -2.84122095e+32],1e+30,[ 4.80890095e+26 -2.88448828e+25]
[-2.13388647e+33 -6.19876760e+33],1e+30,[-2.16638220e+26 -6.29316508e+26]
[ 1.14447038e+33 -2.64510625e+32],1e+30,[ 1.16189886e+26 -2.68538706e+25]
[1.91918921e+33 3.47164124e+33],1e+30,[1.94841544e+26 3.52450888e+26]
[-6.07339589e+33  6.24393700e+33],1e+30,[-6.16588415e+26  6.33902234e+26]
[-2.44253293e+32  3.15033007e+33],1e+30,[-2.47972886e+25  3.19830464e+26]
[4.59952124e+33 4.69321324e+33],1e+30,[4.66956471e+26 4.76468350e+26]
[3.95492328e+33 2.73009175e+32],1e+30,[4.01515054e+26 2.77166675e+25]
[-9.63354794e+33  2.15098216e+34],1e+30,[-9.78025171e+26  2.18373823e+27]
[1.80499570e+33 5.04795709e+33],1e+30,[1.83248295e+26 5.12482954e+26]
[1.31504495e+33 6.11840575e+32],1e+30,[1.33507102e+26 6.21157945e+25]
[ 8.84665201e+32 -9.47140087e+32],1e+30,[ 8.9813726e+25 -9.6156354e+25]
[5.85613803e+32 2.88662666e+32],1e+30,[5.94531780e+25 2.93058544e+25]
[-1.99762579e+34 -2.27810557e+34],1e+30,[-2.02804649e+27 -2.31279753e+27]
[5.63183972e+33 2.88871815e+33],1e+30,[5.71760378e+26 2.93270878e+26]
[5.03875433e+32 2.19634727e+33],1e+30,[5.11548663e+25 2.22979418e+26]
[-6.30243357e+33 -1.46491163e+33],1e+30,[-6.39840971e+26 -1.48721993e+26]
[ 2.15413825e+33 -1.84052284e+31],1e+30,[ 2.18694238e+26 -1.86855111e+24]
[1.00302389e+33 2.23714932e+33],1e+30,[1.01829837e+26 2.27121758e+26]
[ 3.02558079e+33 -1.66673015e+33],1e+30,[ 3.07165562e+26 -1.69211182e+26]
[ 1.74923585e+34 -2.06853008e+34],1e+30,[ 1.77587396e+27 -2.10003053e+27]
[ 2.57559185e+33 -7.27773046e+32],1e+30,[ 2.61481406e+26 -7.38855884e+25]
[3.74739341e+33 2.32400851e+32],1e+30,[3.80446031e+26 2.35939950e+25]
[1.02496589e+35 8.99595517e+33],1e+30,[1.04057451e+28 9.13294941e+26]
[1.08431661e+34 2.28039204e+33],1e+30,[1.10082904e+27 2.31511882e+26]
[ 4.10196345e+33 -3.72572105e+32],1e+30,[ 4.16442990e+26 -3.78245792e+25]
[-7.69539789e+32 -4.77065193e+33],1e+30,[-7.81258669e+25 -4.84330145e+26]
[-9.51173743e+32 -5.01404051e+33],1e+30,[-9.65658622e+25 -5.09039646e+26]
[-9.00843153e+33 -2.74273937e+33],1e+30,[-9.14561577e+26 -2.78450698e+26]
[ 9.60786603e+34 -4.84000055e+34],1e+30,[ 9.75417871e+27 -4.91370614e+27]
[-1.27306512e+33  1.61744347e+33],1e+30,[-1.29245190e+26  1.64207459e+26]
[1.41942354e+33 2.52328816e+34],1e+30,[1.44103912e+26 2.56171387e+27]
[-1.88047996e+33  5.16940250e+33],1e+30,[-1.90911672e+26  5.24812436e+26]
[-3.02218525e+33 -1.06636965e+33],1e+30,[-3.06820838e+26 -1.08260878e+26]
[-2.59424798e+34 -1.71987076e+33],1e+30,[-2.63375430e+27 -1.74606168e+26]
[ 2.28942612e+33 -2.15831525e+33],1e+30,[ 2.32429048e+26 -2.19118299e+26]
[-2.2115402e+32  5.2344829e+33],1e+30,[-2.24521848e+25  5.31419584e+26]
[1.43975249e+33 2.29905384e+32],1e+30,[1.46167765e+26 2.33406481e+25]
[-9.82013957e+32 -3.16405186e+33],1e+30,[-9.96968485e+25 -3.21223539e+26]
[-3.10635442e+33 -1.85224199e+31],1e+30,[-3.15365931e+26 -1.88044872e+24]
[-5.79357309e+32 -2.25697725e+33],1e+30,[-5.88180009e+25 -2.29134746e+26]
[ 4.48862247e+32 -2.29367598e+33],1e+30,[ 4.55697713e+25 -2.32860506e+26]
[ 3.87646456e+33 -9.24028602e+32],1e+30,[ 3.93549701e+26 -9.38100104e+25]
[-1.18341698e+32  5.44606655e+33],1e+30,[-1.20143856e+25  5.52900157e+26]
[ 2.10699160e+32 -5.49364094e+32],1e+30,[ 2.13907777e+25 -5.57730044e+25]
[-4.10155685e+32  2.40235277e+33],1e+30,[-4.16401711e+25  2.43893683e+26]
[-7.76432864e+32  8.97734973e+32],1e+30,[-7.88256715e+25  9.11406064e+25]
[ 9.36709234e+33 -8.76847447e+32],1e+30,[ 9.50973842e+26 -8.90200454e+25]
[-3.06560592e+33  6.39251157e+32],1e+30,[-3.11229027e+26  6.48985946e+25]
[-2.30249954e+33  1.17824219e+29],1e+30,[-2.33756299e+26  1.19618497e+22]
[-1.49751536e+33 -2.45612793e+33],1e+30,[-1.52032016e+26 -2.49353090e+26]
[5.32459354e+33 3.80943507e+32],1e+30,[5.40567872e+26 3.86744677e+25]
[4.42208788e+33 4.72271046e+32],1e+30,[4.48942932e+26 4.79462991e+25]
[-5.42152822e+33 -3.42522970e+33],1e+30,[-5.50408957e+26 -3.47739056e+26]
[ 7.10330990e+32 -2.42881489e+33],1e+30,[ 7.21148213e+25 -2.46580192e+26]
[-2.21056496e+31  1.36456451e+33],1e+30,[-2.24422838e+24  1.38534468e+26]
[ 2.24427569e+34 -2.59600765e+34],1e+30,[ 2.27845248e+27 -2.63554076e+27]
[-2.20017658e+33 -1.28927740e+34],1e+30,[-2.23368181e+26 -1.30891107e+27]
[-1.62217449e+33 -2.05063320e+33],1e+30,[-1.64687766e+26 -2.08186112e+26]
[ 1.60024568e+33 -3.37038562e+33],1e+30,[ 1.62461490e+26 -3.42171129e+26]
[ 1.95293840e+33 -3.54927113e+33],1e+30,[ 1.98267858e+26 -3.60332095e+26]
[-3.85092536e+33  3.21286828e+33],1e+30,[-3.90956889e+26  3.26179521e+26]
[ 1.44017434e+33 -3.94370295e+33],1e+30,[ 1.46210593e+26 -4.00375934e+26]
[ 1.89160597e+33 -3.06058410e+33],1e+30,[ 1.92041216e+26 -3.10719198e+26]
[1.12203655e+34 1.37164370e+34],1e+30,[1.13912340e+27 1.39253168e+27]
[-7.46194402e+33  1.81241069e+33],1e+30,[-7.57557768e+26  1.84001086e+26]
[-2.01820032e+33  1.97963579e+33],1e+30,[-2.04893433e+26  2.00978253e+26]
[-3.41993834e+33  3.81772402e+32],1e+30,[-3.47201862e+26  3.87586195e+25]
[-3.38027815e+33  1.48462547e+34],1e+30,[-3.43175446e+26  1.50723398e+27]
[-2.92431110e+33  1.67671486e+33],1e+30,[-2.96884376e+26  1.70224859e+26]
[2.15703120e+33 2.10307238e+33],1e+30,[2.18987939e+26 2.13509886e+26]
[-4.94350241e+33  8.57229963e+33],1e+30,[-5.01878418e+26  8.70284227e+26]
[ 9.24499771e+32 -1.29083305e+33],1e+30,[ 9.38578448e+25 -1.31049041e+26]
[1.42037053e+35 1.37652904e+34],1e+30,[1.44200054e+28 1.39749141e+27]
[-3.90524490e+33  8.83917325e+32],1e+30,[-3.96471564e+26  8.97377994e+25]
[2.80563353e+33 1.84675769e+32],1e+30,[2.84835892e+26 1.87488091e+25]
[6.92494650e+33 9.43830061e+33],1e+30,[7.03040254e+26 9.58203108e+26]
[-2.81757464e+32 -1.99523288e+33],1e+30,[-2.86048187e+25 -2.02561713e+26]
[2.39791736e+33 7.67899616e+32],1e+30,[2.43443387e+26 7.79593519e+25]
[1.31764846e+33 1.39268041e+33],1e+30,[1.33771417e+26 1.41388874e+26]
[ 2.3828365e+32 -2.2608305e+33],1e+30,[ 2.41912335e+25 -2.29525939e+26]
[ 6.50283137e+32 -2.04380684e+31],1e+30,[ 6.60185926e+25 -2.07493080e+24]
[ 5.96377036e+32 -2.42898657e+33],1e+30,[ 6.05458920e+25 -2.46597621e+26]
[-8.66355381e+32  6.66987871e+32],1e+30,[-8.79548610e+25  6.77145047e+25]
[-1.67454703e+33  6.89079229e+32],1e+30,[-1.70004775e+26  6.99572821e+25]
[-1.20952925e+33  1.83385619e+33],1e+30,[-1.22794848e+26  1.86178293e+26]
[ 1.31620643e+34 -1.21019756e+33],1e+30,[ 1.33625018e+27 -1.22862697e+26]
[ 1.00784829e+35 -2.57933497e+35],1e+30,[ 1.02319623e+28 -2.61861418e+28]
[7.65271764e+33 3.16090664e+33],1e+30,[7.76925648e+26 3.20904228e+26]
[-8.32992924e+32 -2.77070105e+33],1e+30,[-8.45678096e+25 -2.81289446e+26]
[ 3.95185743e+33 -5.92010792e+32],1e+30,[ 4.01203800e+26 -6.01026184e+25]
[-4.48834663e+32 -7.80662334e+33],1e+30,[-4.55669708e+25 -7.92550593e+26]
[-3.49910071e+33 -1.42771638e+32],1e+30,[-3.55238651e+26 -1.44945826e+25]
[-1.68689378e+32  8.45840844e+32],1e+30,[-1.71258251e+25  8.58721669e+25]
[-3.21677721e+33  3.08127970e+32],1e+30,[-3.26576366e+26  3.12820275e+25]
[-1.37299818e+33  7.40486337e+33],1e+30,[-1.39390678e+26  7.51762778e+26]
[ 1.11194802e+32 -1.05433241e+33],1e+30,[ 1.12888124e+25 -1.07038824e+26]
[ 1.46182324e+33 -3.09322696e+33],1e+30,[ 1.48408451e+26 -3.14033194e+26]
[-1.57561244e+34  2.30101102e+34],1e+30,[-1.59960654e+27  2.33605180e+27]
[ 5.44239929e+33 -5.91661085e+32],1e+30,[ 5.52527847e+26 -6.00671152e+25]
[-6.42221724e+33  3.80164885e+34],1e+30,[-6.52001750e+26  3.85954198e+27]
[ 2.26498433e+33 -5.45075682e+33],1e+30,[ 2.29947648e+26 -5.53376327e+26]
[1.10314599e+33 5.21980628e+31],1e+30,[1.11994517e+26 5.29929572e+24]
[-1.75974892e+33  1.45395686e+33],1e+30,[-1.78654713e+26  1.47609834e+26]
[ 3.18159871e+33 -2.19885625e+32],1e+30,[ 3.23004945e+26 -2.23234137e+25]
[ 4.62252753e+32 -2.26427145e+33],1e+30,[ 4.69292135e+25 -2.29875274e+26]
[ 2.41998887e+33 -5.86746203e+33],1e+30,[ 2.45684149e+26 -5.95681425e+26]
[-4.31038614e+33 -2.97231431e+32],1e+30,[-4.37602654e+26 -3.01757798e+25]
[-6.32210939e+33  8.06901139e+32],1e+30,[-6.41838517e+26  8.19188974e+25]
[5.46426809e+32 2.05212274e+33],1e+30,[5.54748029e+25 2.08337334e+26]
[-2.37352194e+33 -3.00462148e+32],1e+30,[-2.40966695e+26 -3.05037714e+25]
[ 6.34908626e+32 -2.42821570e+33],1e+30,[ 6.44577286e+25 -2.46519360e+26]
[ 6.81207530e+32 -2.68819009e+33],1e+30,[ 6.91581249e+25 -2.72912699e+26]
[ 4.04547762e+33 -5.61333307e+33],1e+30,[ 4.10708388e+26 -5.69881530e+26]
[ 1.24039541e+33 -4.56042500e+32],1e+30,[ 1.25928468e+26 -4.62987310e+25]
[-3.30068339e+32  3.55093989e+33],1e+30,[-3.35094761e+25  3.60501512e+26]
[-8.6776489e+32 -3.5793315e+33],1e+30,[-8.80979584e+25 -3.63383909e+26]
[ 7.06395639e+33 -1.08763740e+34],1e+30,[ 7.17152933e+26 -1.10420041e+27]
[-6.46074577e+33 -4.08178213e+34],1e+30,[-6.55913276e+26 -4.14394125e+27]
[ 7.28222295e+32 -6.69000117e+32],1e+30,[ 7.39311975e+25 -6.79187936e+25]
[ 7.66183578e+33 -6.32431548e+33],1e+30,[ 7.77851349e+26 -6.42062486e+26]
[-9.29057778e+32  9.09457303e+33],1e+30,[-9.43205866e+25  9.23306907e+26]
[-2.14946093e+33 -5.13047274e+33],1e+30,[-2.18219384e+26 -5.20860176e+26]
[-5.83515252e+33 -1.35127538e+33],1e+30,[-5.92401271e+26 -1.37185318e+26]
[4.60115933e+32 3.08140325e+33],1e+30,[4.67122775e+25 3.12832817e+26]
[ 1.77432611e+34 -6.23515304e+33],1e+30,[ 1.80134630e+27 -6.33010461e+26]
[-4.30215595e+33 -8.12948320e+33],1e+30,[-4.36767102e+26 -8.25328244e+26]
[9.91912475e+32 1.83501073e+33],1e+30,[1.00701774e+26 1.86295505e+26]
[-3.04744900e+33 -4.99291281e+33],1e+30,[-3.09385686e+26 -5.06894701e+26]
[-2.36554221e+33 -2.73919688e+33],1e+30,[-2.40156569e+26 -2.78091054e+26]
[1.36007997e+33 1.75974253e+33],1e+30,[1.38079185e+26 1.78654064e+26]
[2.63663202e+33 2.15062779e+32],1e+30,[2.67678378e+26 2.18337847e+25]
[-5.17023546e+33 -2.26414052e+33],1e+30,[-5.24897001e+26 -2.29861982e+26]
[ 4.00080495e+33 -5.87455233e+33],1e+30,[ 4.06173091e+26 -5.96401252e+26]
[-1.26650951e+33 -1.19147105e+33],1e+30,[-1.28579646e+26 -1.20961528e+26]
[4.01303828e+33 6.23503556e+33],1e+30,[4.07415053e+26 6.32998534e+26]
[9.64120584e+33 6.97466479e+33],1e+30,[9.78802624e+26 7.08087796e+26]
[ 3.25665483e+33 -7.83208377e+32],1e+30,[ 3.30624856e+26 -7.95135409e+25]
[-2.48438000e+33  2.99003839e+33],1e+30,[-2.52221320e+26  3.03557197e+26]
[-4.75493210e+32  5.99201179e+33],1e+30,[-4.82734223e+25  6.08326070e+26]
[6.99155209e+34 3.59248382e+33],1e+30,[7.09802242e+27 3.64719170e+26]
[-5.14148555e+31  9.92267536e+31],1e+30,[-5.21978229e+24  1.00737821e+25]
[ 2.24060081e+33 -2.11903784e+33],1e+30,[ 2.27472164e+26 -2.15130745e+26]
[ 2.89294466e+33 -5.63735654e+32],1e+30,[ 2.93699965e+26 -5.72320461e+25]
[-1.22275418e+33 -2.42161333e+33],1e+30,[-1.24137480e+26 -2.45849069e+26]
[-2.94732410e+33 -2.44896935e+34],1e+30,[-2.99220720e+26 -2.48626329e+27]
[-1.68647683e+33 -3.78785812e+33],1e+30,[-1.71215922e+26 -3.84554124e+26]
[ 1.41274083e+33 -1.76733699e+33],1e+30,[ 1.43425465e+26 -1.79425075e+26]
[ 1.40204839e+33 -2.01607118e+33],1e+30,[ 1.42339938e+26 -2.04677277e+26]
[ 4.18767981e+33 -7.35981002e+32],1e+30,[ 4.25145158e+26 -7.47188835e+25]
[-4.67757033e+33 -3.75466319e+32],1e+30,[-4.74880236e+26 -3.81184080e+25]
[5.40659119e+33 1.00890044e+34],1e+30,[5.48892506e+26 1.02426440e+27]
[ 2.00063405e+33 -1.38213937e+33],1e+30,[ 2.03110055e+26 -1.40318718e+26]
[ 3.00167075e+33 -2.44024209e+33],1e+30,[ 3.04738147e+26 -2.47740314e+26]
[1.49295499e+33 2.31681034e+33],1e+30,[1.51569035e+26 2.35209172e+26]
[-1.97992076e+33  2.36104874e+33],1e+30,[-2.01007183e+26  2.39700380e+26]
[ 4.76004156e+33 -4.29081821e+32],1e+30,[ 4.83252950e+26 -4.35616062e+25]
[-2.52662252e+33 -6.69867013e+33],1e+30,[-2.56509900e+26 -6.80068033e+26]
[-1.15601403e+33  2.69658041e+34],1e+30,[-1.17361831e+26  2.73764508e+27]
[8.34377541e+32 9.91761341e+33],1e+30,[8.47083798e+25 1.00686431e+27]
[-8.18000257e+33 -8.41154221e+33],1e+30,[-8.30457114e+26 -8.53963677e+26]
[-1.09749939e+33 -9.93500310e+31],1e+30,[-1.11421257e+26 -1.00862976e+25]
[-1.13085269e+33  2.15995066e+33],1e+30,[-1.14807380e+26  2.19284331e+26]
[2.49021016e+33 3.43979552e+32],1e+30,[2.52813214e+26 3.49217819e+25]
[ 2.47139133e+33 -3.00252172e+32],1e+30,[ 2.50902673e+26 -3.04824541e+25]
[ 3.06970985e+32 -3.28440791e+33],1e+30,[ 3.11645670e+25 -3.33442428e+26]
[2.13892511e+32 2.69264835e+33],1e+30,[2.17149757e+25 2.73365315e+26]
[-9.52362314e+33 -1.01779509e+34],1e+30,[-9.66865293e+26 -1.03329450e+27]
[-1.43930574e+32  4.29809616e+32],1e+30,[-1.4612241e+25  4.3635494e+25]
[ 4.25946810e+33 -4.08262297e+32],1e+30,[ 4.32433309e+26 -4.14479490e+25]
[-1.27601113e+33 -4.26272498e+32],1e+30,[-1.29544277e+26 -4.32763957e+25]
[-1.70661386e+33  1.60356335e+33],1e+30,[-1.7326029e+26  1.6279831e+26]
[ 2.50743832e+34 -3.57845996e+32],1e+30,[ 2.54562266e+27 -3.63295427e+25]
[-9.87222500e+33  3.62756982e+32],1e+30,[-1.00225635e+27  3.68281200e+25]
[-2.86625572e+33 -7.71120762e+32],1e+30,[-2.90990428e+26 -7.82863717e+25]
[-2.95421583e+33 -5.12953149e+33],1e+30,[-2.99920389e+26 -5.20764618e+26]
[-1.58363191e+34 -1.61423768e+33],1e+30,[-1.60774813e+27 -1.63881998e+26]
[7.02119780e+32 9.09780786e+33],1e+30,[7.12811960e+25 9.23635316e+26]
[-1.97690745e+33  1.94752814e+33],1e+30,[-2.00701264e+26  1.97718593e+26]
[-4.26796882e+33  4.94532606e+31],1e+30,[-4.33296327e+26  5.02063559e+24]
[2.24842625e+33 4.56909163e+32],1e+30,[2.28266625e+26 4.63867171e+25]
[-3.46581242e+32 -9.83031699e+32],1e+30,[-3.51859129e+25 -9.98001725e+25]
[-4.07260416e+33 -1.33473319e+34],1e+30,[-4.13462351e+26 -1.35505908e+27]
[-4.27148804e+32 -5.82005335e+32],1e+30,[-4.33653608e+25 -5.90868361e+25]
[2.03067285e+33 1.35930363e+33],1e+30,[2.06159680e+26 1.38000368e+26]
[-1.50764035e+32  6.96503914e+33],1e+30,[-1.53059934e+25  7.07110573e+26]
[8.73473032e+32 2.18424708e+33],1e+30,[8.86774652e+25 2.21750973e+26]
[ 7.80536274e+33 -1.57885896e+34],1e+30,[ 7.92422614e+26 -1.60290250e+27]
[-4.50996410e+33  1.02425684e+35],1e+30,[-4.57864376e+26  1.03985466e+28]
[-6.96688018e+33  9.35880284e+30],1e+30,[-7.07297480e+26  9.50132268e+23]
[6.78323046e+32 1.41622538e+32],1e+30,[6.88652838e+25 1.43779226e+25]
[-8.53358802e+33  7.36593229e+33],1e+30,[-8.66354114e+26  7.47810385e+26]
[-1.00951525e+34 -3.50463413e+33],1e+30,[-1.02488858e+27 -3.55800419e+26]
[ 3.09933470e+33 -7.06380348e+32],1e+30,[ 3.14653269e+26 -7.17137410e+25]
[2.89383880e+33 1.10632322e+33],1e+30,[2.93790741e+26 1.12317078e+26]
[-2.90363162e+34  1.22352598e+34],1e+30,[-2.94784936e+27  1.24215836e+27]
[-9.80526842e+31  2.91435921e+32],1e+30,[-9.95458723e+24  2.95874032e+25]
[-2.39163821e+33 -9.00419186e+32],1e+30,[-2.42805910e+26 -9.14131153e+25]
[-4.40756917e+33 -4.66917426e+33],1e+30,[-4.47468952e+26 -4.74027843e+26]
[-5.78021787e+32  6.30266640e+30],1e+30,[-5.86824149e+25  6.39864609e+23]
[ 2.15984262e+32 -6.61895326e+32],1e+30,[ 2.19273363e+25 -6.71974950e+25]
[6.83284212e+33 3.71099222e+33],1e+30,[6.93689555e+26 3.76750479e+26]
[-7.40765726e+32  7.93217961e+32],1e+30,[-7.52046423e+25  8.05297422e+25]
[-3.99879620e+32 -1.54804584e+33],1e+30,[-4.05969158e+25 -1.57162014e+26]
[ 5.36783090e+34 -3.59850726e+35],1e+30,[ 5.44957452e+27 -3.65330687e+28]
[ 1.86565234e+34 -5.17505589e+33],1e+30,[ 1.89406329e+27 -5.25386384e+26]
[8.90957383e+32 2.58791839e+33],1e+30,[9.04525262e+25 2.62732832e+26]
[-4.10369416e+33  1.91890754e+32],1e+30,[-4.16618697e+26  1.94812948e+25]
[-7.38348578e+33 -4.76380115e+33],1e+30,[-7.49592465e+26 -4.83634635e+26]
[-6.20752951e+33  2.52754641e+33],1e+30,[-6.30206042e+26  2.56603697e+26]
[-1.93302438e+34  5.54400300e+33],1e+30,[-1.96246130e+27  5.62842944e+26]
[-9.63571394e+34 -2.86237140e+34],1e+30,[-9.78245070e+27 -2.90596081e+27]
[-4.73841190e+33  2.66454601e+32],1e+30,[-4.81057046e+26  2.70512285e+25]
[-2.34382461e+33  2.97237863e+33],1e+30,[-2.37951737e+26  3.01764327e+26]
[-3.56619166e+33 -1.22089619e+32],1e+30,[-3.62049915e+26 -1.23948852e+25]
[3.78675177e+34 2.11503270e+35],1e+30,[3.84441804e+27 2.14724132e+28]
[1.97405266e+33 1.71785006e+33],1e+30,[2.00411438e+26 1.74401021e+26]
[-2.74329451e+33  5.08032054e+33],1e+30,[-2.78507057e+26  5.15768582e+26]
[ 1.78549860e+33 -7.12823246e+32],1e+30,[ 1.81268893e+26 -7.23678422e+25]
[-5.37187061e+33 -4.48225096e+33],1e+30,[-5.45367575e+26 -4.55050859e+26]
[ 3.77560674e+33 -4.61922437e+32],1e+30,[ 3.83310328e+26 -4.68956789e+25]
[1.07368381e+34 1.00108767e+34],1e+30,[1.09003432e+27 1.01633266e+27]
[ 4.43976062e+34 -6.27558299e+34],1e+30,[ 4.50737119e+27 -6.37115025e+27]
[2.51756421e+33 2.84906769e+33],1e+30,[2.55590276e+26 2.89245450e+26]
[2.90969447e+33 1.02327620e+33],1e+30,[2.95400454e+26 1.03885908e+26]
[-1.02381929e+33 -2.56903649e+33],1e+30,[-1.03941044e+26 -2.60815888e+26]
[-2.34309762e+32  5.74283222e+32],1e+30,[-2.37877931e+25  5.83028652e+25]
[-3.00861803e+33  1.27305852e+34],1e+30,[-3.05443455e+26  1.29244520e+27]
[-1.91606619e+34 -2.27951966e+34],1e+30,[-1.94524487e+27 -2.31423315e+27]
[ 3.41096692e+33 -2.48431215e+33],1e+30,[ 3.46291058e+26 -2.52214432e+26]
[6.71330230e+33 6.48966658e+33],1e+30,[6.81553533e+26 6.58849399e+26]
[-8.73204397e+32 -1.17511198e+32],1e+30,[-8.86501926e+25 -1.19300709e+25]
[ 1.97070943e+33 -1.15147272e+32],1e+30,[ 2.00072024e+26 -1.16900783e+25]
[1.26053711e+34 1.73721058e+33],1e+30,[1.27973311e+27 1.76366557e+26]
[-1.63320887e+32  8.12919966e+32],1e+30,[-1.65808008e+25  8.25299458e+25]
[1.60895525e+34 2.52620786e+33],1e+30,[1.63345710e+27 2.56467804e+26]
[8.30547804e+32 4.84894918e+33],1e+30,[8.43195740e+25 4.92279104e+26]
[-3.30300759e+34  1.49450046e+34],1e+30,[-3.35330719e+27  1.51725935e+27]
[ 4.50418168e+33 -2.65976637e+32],1e+30,[ 4.57277327e+26 -2.70027043e+25]
[-7.72921671e+32 -1.10491586e+33],1e+30,[-7.84692051e+25 -1.12174199e+26]
[ 3.19421614e+33 -4.99235733e+32],1e+30,[ 3.24285902e+26 -5.06838308e+25]
[ 2.34081641e+33 -2.12074406e+33],1e+30,[ 2.37646336e+26 -2.15303965e+26]
[-7.60328497e+32  1.18380311e+34],1e+30,[-7.71907103e+25  1.20183057e+27]
[-1.21044849e+33 -3.02806081e+33],1e+30,[-1.22888172e+26 -3.07417341e+26]
[-1.17937489e+33  1.77346247e+33],1e+30,[-1.19733491e+26  1.80046951e+26]
[ 6.06892910e+34 -3.20668766e+34],1e+30,[ 6.16134935e+27 -3.25552047e+27]
[4.71230977e+33 3.48150415e+33],1e+30,[4.78407083e+26 3.53452198e+26]
[ 8.31384914e+32 -1.24750605e+33],1e+30,[ 8.44045598e+25 -1.26650360e+26]
[ 2.47459878e+33 -1.94514142e+33],1e+30,[ 2.51228303e+26 -1.97476286e+26]
[-1.36918029e+33 -2.23180682e+33],1e+30,[-1.39003075e+26 -2.26579372e+26]
[-1.16938976e+34  5.16213174e+33],1e+30,[-1.18719773e+27  5.24074288e+26]
[-1.93955009e+33  1.18237672e+33],1e+30,[-1.96908638e+26  1.20038246e+26]
[-4.23445639e+33 -6.75405570e+32],1e+30,[-4.29894050e+26 -6.85690934e+25]
[-1.54821166e+33 -1.16317443e+33],1e+30,[-1.57178849e+26 -1.18088774e+26]
[1.57082139e+32 4.18737104e+32],1e+30,[1.59474253e+25 4.25113812e+25]
[-6.65764071e+32  9.27592755e+32],1e+30,[-6.75902610e+25  9.41718533e+25]
[-1.26052668e+33  3.04515930e+31],1e+30,[-1.27972252e+26  3.09153229e+24]
[-4.41527242e+33 -5.57604690e+33],1e+30,[-4.48251007e+26 -5.66096132e+26]
[-2.15391699e+34  1.15375917e+34],1e+30,[-2.18671775e+27  1.17132911e+27]
[3.20456920e+33 1.15126836e+33],1e+30,[3.25336975e+26 1.16880036e+26]
[-1.15442388e+34  4.59594791e+33],1e+30,[-1.17200394e+27  4.66593696e+26]
[ 1.61700498e+34 -1.08983048e+34],1e+30,[ 1.64162943e+27 -1.10642689e+27]
[4.42495827e+32 3.33630773e+33],1e+30,[4.49234343e+25 3.38711444e+26]
[1.04309049e+33 8.12265919e+33],1e+30,[1.05897512e+26 8.24635451e+26]
[-3.38812233e+33 -5.18459601e+33],1e+30,[-3.43971810e+26 -5.26354925e+26]
[4.51716034e+33 2.12447035e+33],1e+30,[4.58594959e+26 2.15682269e+26]
[-1.08079049e+32 -8.62426578e+32],1e+30,[-1.09724923e+25 -8.75559977e+25]
[3.56130540e+33 3.91004592e+33],1e+30,[3.61553848e+26 3.96958977e+26]
[-3.68471525e+33  1.60515555e+33],1e+30,[-3.74082767e+26  1.62959954e+26]
[-5.26510605e+33  1.86302182e+33],1e+30,[-5.34528533e+26  1.89139272e+26]
[4.44179046e+34 9.97136286e+34],1e+30,[4.50943194e+27 1.01232110e+28]
[ 7.30733092e+32 -1.38842829e+33],1e+30,[ 7.41861007e+25 -1.40957186e+26]
[ 1.23476484e+33 -1.98285783e+33],1e+30,[ 1.25356836e+26 -2.01305363e+26]
[-2.47962285e+31 -3.86871438e+33],1e+30,[-2.51738360e+24 -3.92762881e+26]
[-4.03593667e+32  3.01543113e+33],1e+30,[-4.09739764e+25  3.06135140e+26]
[ 6.74872224e+33 -1.57681017e+33],1e+30,[ 6.85149466e+26 -1.60082251e+26]
[1.25191293e+34 9.53901883e+33],1e+30,[1.27097760e+27 9.68428308e+26]
[ 5.35056808e+33 -2.50749747e+33],1e+30,[ 5.43204881e+26 -2.54568271e+26]
[-1.54434060e+33  3.91803715e+33],1e+30,[-1.56785848e+26  3.97770269e+26]
[ 9.98528091e+32 -6.66415946e+33],1e+30,[ 1.01373410e+26 -6.76564412e+26]
[-5.63294073e+33  2.25349651e+33],1e+30,[-5.71872156e+26  2.28781372e+26]
[-6.39699901e+33  4.37242167e+33],1e+30,[-6.49441524e+26  4.43900677e+26]
[1.97254037e+33 1.01930290e+34],1e+30,[2.00257906e+26 1.03482528e+27]
[-9.75103656e+33  2.95988791e+33],1e+30,[-9.89952950e+26  3.00496235e+26]
[-3.75753126e+32  3.47208095e+33],1e+30,[-3.81475255e+25  3.52495528e+26]
[ 2.60111602e+35 -2.35108218e+35],1e+30,[ 2.64072692e+28 -2.38688546e+28]
[-4.14779358e+33  5.95508900e+32],1e+30,[-4.21095795e+26  6.04577564e+25]
[-4.26607054e+33 -6.53295224e+33],1e+30,[-4.33103608e+26 -6.63243883e+26]
[ 1.27780989e+33 -1.04420438e+33],1e+30,[ 1.29726892e+26 -1.06010597e+26]
[ 5.62165161e+31 -6.25610183e+33],1e+30,[ 5.70726052e+24 -6.35137242e+26]
[ 6.50623052e+32 -8.94372947e+32],1e+30,[ 6.60531017e+25 -9.07992840e+25]
[-4.52222714e+32 -1.17498611e+32],1e+30,[-4.59109355e+25 -1.19287930e+25]
[ 1.48255822e+33 -6.84742198e+32],1e+30,[ 1.50513525e+26 -6.95169744e+25]
[-1.82136587e+34 -1.12142178e+34],1e+30,[-1.84910240e+27 -1.13849926e+27]
[ 6.96118078e+33 -3.83641218e+33],1e+30,[ 7.06718861e+26 -3.89483470e+26]
[2.66288761e+33 1.23576605e+33],1e+30,[2.70343919e+26 1.25458483e+26]
[-1.95124223e+33 -3.42261042e+33],1e+30,[-1.98095658e+26 -3.47473139e+26]
[-1.72105193e+34 -3.95463193e+34],1e+30,[-1.74726085e+27 -4.01485475e+27]
[ 9.49892882e+32 -9.50737863e+33],1e+30,[ 9.64358256e+25 -9.65216105e+26]
[ 1.33231431e+33 -2.77006961e+33],1e+30,[ 1.35260336e+26 -2.81225341e+26]
[-4.82562433e+33 -3.93258016e+33],1e+30,[-4.89911099e+26 -3.99246717e+26]
[ 4.81245668e+32 -3.47001851e+33],1e+30,[ 4.88574283e+25 -3.52286144e+26]
[-7.14649479e+33  2.13574141e+33],1e+30,[-7.25532466e+26  2.16826539e+26]
[-3.21383850e+33 -3.24459358e+33],1e+30,[-3.26278020e+26 -3.29400363e+26]
[ 2.37660292e+33 -1.26826687e+33],1e+30,[ 2.41279484e+26 -1.28758058e+26]
[ 2.45902839e+33 -2.72310952e+33],1e+30,[ 2.49647552e+26 -2.76457820e+26]
[-1.76594015e+33  3.58812231e+33],1e+30,[-1.79283264e+26  3.64276377e+26]
[ 8.13221922e+33 -1.81424553e+33],1e+30,[ 8.25606012e+26 -1.84187364e+26]
[-3.15778621e+33 -2.42733771e+34],1e+30,[-3.20587433e+26 -2.46430224e+27]
[-1.04718859e+34 -1.59545044e+33],1e+30,[-1.06313563e+27 -1.61974664e+26]
[-5.29183940e+33  5.40417618e+33],1e+30,[-5.37242579e+26  5.48647328e+26]
[ 1.79024094e+33 -1.70525781e+33],1e+30,[ 1.81750349e+26 -1.73122621e+26]
[-4.37097514e+31 -7.93190520e+32],1e+30,[-4.43753821e+24 -8.05269563e+25]
[-8.49976239e+33 -1.39327604e+33],1e+30,[-8.62920040e+26 -1.41449344e+26]
[-4.11473554e+33  1.07663317e+34],1e+30,[-4.17739649e+26  1.09302860e+27]
[1.34364649e+34 1.02409956e+34],1e+30,[1.36410811e+27 1.03969499e+27]
[ 6.72280061e+32 -6.97799730e+33],1e+30,[ 6.82517829e+25 -7.08426122e+26]
[2.83586193e+33 2.34705450e+33],1e+30,[2.87904764e+26 2.38279645e+26]
[-1.73917437e+34 -1.33786038e+33],1e+30,[-1.76565926e+27 -1.35823389e+26]
[-6.09793627e+32  3.72048024e+33],1e+30,[-6.19079825e+25  3.77713730e+26]
[8.89854301e+33 4.33321184e+33],1e+30,[9.03405382e+26 4.39919983e+26]
[-1.10996515e+34  1.03685115e+34],1e+30,[-1.12686818e+27  1.05264076e+27]
[8.81197225e+32 1.03330381e+33],1e+30,[8.94616472e+25 1.04903940e+26]
[ 4.14062990e+33 -1.30501873e+33],1e+30,[ 4.20368518e+26 -1.32489211e+26]
[-1.44712879e+33  1.39873018e+33],1e+30,[-1.46916628e+26  1.42003064e+26]
[-2.74559575e+34 -1.80388320e+33],1e+30,[-2.78740685e+27 -1.83135350e+26]
[ 1.13652600e+33 -2.72869533e+33],1e+30,[ 1.15383350e+26 -2.77024906e+26]
[-5.86357877e+33  3.92787414e+33],1e+30,[-5.95287185e+26  3.98768949e+26]
[2.87361624e+32 2.00115110e+33],1e+30,[2.91737689e+25 2.03162548e+26]
[-4.45842711e+33  1.27571597e+33],1e+30,[-4.52632194e+26  1.29514312e+26]
[ 3.50471901e+33 -2.59541620e+33],1e+30,[ 3.55809037e+26 -2.63494030e+26]
[-6.00157022e+30  3.08735330e+33],1e+30,[-6.09296469e+23  3.13436883e+26]
[-3.82069606e+33  6.51154280e+32],1e+30,[-3.87887925e+26  6.61070336e+25]
[-6.73905770e+32 -3.51178714e+33],1e+30,[-6.84168295e+25 -3.56526613e+26]
[-1.29535343e+33 -3.89521693e+33],1e+30,[-1.31507963e+26 -3.95453496e+26]
[-3.85565048e+33  2.90469381e+33],1e+30,[-3.91436597e+26  2.94892773e+26]
[ 1.88341188e+34 -4.72323620e+33],1e+30,[ 1.91209328e+27 -4.79516365e+26]
[-1.64219475e+33  1.67921263e+33],1e+30,[-1.66720279e+26  1.70478439e+26]
[4.86595501e+32 1.17920937e+33],1e+30,[4.94005585e+25 1.19716688e+26]
[-3.82443938e+33 -2.58171282e+33],1e+30,[-3.88267957e+26 -2.62102825e+26]
[-2.50493099e+32  4.61322512e+33],1e+30,[-2.54307714e+25  4.68347728e+26]
[-5.98026407e+33 -2.83877568e+33],1e+30,[-6.07133408e+26 -2.88200577e+26]
[2.45455999e+33 2.32980081e+33],1e+30,[2.49193907e+26 2.36528001e+26]
[ 1.63699517e+34 -4.16967959e+33],1e+30,[ 1.66192403e+27 -4.23317725e+26]
[ 2.65522751e+33 -6.36130635e+33],1e+30,[ 2.69566245e+26 -6.45817904e+26]
[-2.47112929e+33  5.49897351e+33],1e+30,[-2.50876071e+26  5.58271422e+26]
[ 7.46135483e+33 -4.28376969e+33],1e+30,[ 7.57497952e+26 -4.34900476e+26]
[-1.03305927e+34 -1.57333628e+35],1e+30,[-1.04879114e+27 -1.59729571e+28]
[-3.36595520e+33 -1.61293185e+32],1e+30,[-3.41721340e+26 -1.63749426e+25]
[-3.87690286e+32  1.05044720e+32],1e+30,[-3.93594199e+25  1.06644386e+25]
[1.40254229e+33 2.09514868e+33],1e+30,[1.4239008e+26 2.1270545e+26]
[-1.44546136e+34  3.18843830e+34],1e+30,[-1.46747346e+27  3.23699319e+27]
[-3.16215646e+33 -1.32052398e+33],1e+30,[-3.21031113e+26 -1.34063348e+26]
[1.17575875e+34 1.04051036e+34],1e+30,[1.19366370e+27 1.05635569e+27]
[-6.10787097e+33  5.22452935e+33],1e+30,[-6.20088423e+26  5.30409071e+26]
[-1.41806490e+32  6.09776872e+33],1e+30,[-1.43965980e+25  6.19062814e+26]
[ 3.65192222e+33 -1.44301500e+33],1e+30,[ 3.70753525e+26 -1.46498985e+26]
[1.41003935e+34 1.52060893e+33],1e+30,[1.43151203e+27 1.54376541e+26]
[-9.35809301e+32  6.71915623e+33],1e+30,[-9.50060204e+25  6.82147841e+26]
[-2.70580409e+33  3.41490216e+32],1e+30,[-2.74700923e+26  3.46690574e+25]
[ 1.05898863e+34 -1.99000084e+33],1e+30,[ 1.07511536e+27 -2.02030542e+26]
[-6.92507248e+33  5.38594439e+33],1e+30,[-7.03053043e+26  5.46796385e+26]
[-3.00951605e+32  4.14674451e+33],1e+30,[-3.05534625e+25  4.20989291e+26]
[-1.40285043e+35 -1.25560895e+34],1e+30,[-1.42421364e+28 -1.27472990e+27]
[-1.42283253e+33  7.07748443e+33],1e+30,[-1.44450003e+26  7.18526339e+26]
[ 2.30295345e+33 -1.11970096e+33],1e+30,[ 2.33802380e+26 -1.13675225e+26]
[ 6.64409752e+32 -5.65381034e+32],1e+30,[ 6.74527667e+25 -5.73990897e+25]
[-3.74100157e+34  3.23135406e+34],1e+30,[-3.79797114e+27  3.28056250e+27]
[1.68249670e+34 3.74861224e+34],1e+30,[1.70811848e+27 3.80569771e+27]
[-2.36230268e+34 -3.61752510e+33],1e+30,[-2.39827683e+27 -3.67261432e+26]
[-5.34207795e+32 -3.33961777e+33],1e+30,[-5.42342939e+25 -3.39047490e+26]
[-4.75059903e+33  1.66217962e+33],1e+30,[-4.82294318e+26  1.68749200e+26]
[-3.74943655e+33  1.61314974e+33],1e+30,[-3.80653457e+26  1.63771547e+26]
[-1.05738907e+32 -4.76674370e+32],1e+30,[-1.07349144e+25 -4.83933370e+25]
[ 3.05890150e+33 -3.77704928e+33],1e+30,[ 3.10548376e+26 -3.83456780e+26]
[-2.42592178e+33  3.88146233e+33],1e+30,[-2.46286475e+26  3.94057090e+26]
[-4.03919790e+33  1.77812194e+33],1e+30,[-4.10070853e+26  1.80519994e+26]
[-3.96699648e+33  6.09016867e+32],1e+30,[-4.02740759e+26  6.18291236e+25]
[-3.55924002e+32 -8.71749596e+32],1e+30,[-3.61344164e+25 -8.85024971e+25]
[1.32242877e+32 4.42544322e+32],1e+30,[1.34256728e+25 4.49283576e+25]
[-1.20468329e+32 -5.43444580e+33],1e+30,[-1.22302872e+25 -5.51720386e+26]
[ 2.59840025e+33 -1.63139253e+32],1e+30,[ 2.63796980e+26 -1.65623607e+25]
[-3.10981288e+33 -5.38490551e+32],1e+30,[-3.15717044e+26 -5.46690914e+25]
[ 1.22629127e+33 -1.20896536e+34],1e+30,[ 1.24496575e+26 -1.22737600e+27]
[-3.86337806e+33  2.24721893e+33],1e+30,[-3.92221123e+26  2.28144054e+26]
[ 7.54202959e+31 -2.78262803e+33],1e+30,[ 7.65688283e+24 -2.82500308e+26]
[1.33077538e+33 2.62908668e+33],1e+30,[1.35104100e+26 2.66912353e+26]
[1.05814867e+33 2.98820989e+33],1e+30,[1.07426261e+26 3.03371563e+26]
[-3.50179388e+33 -3.21841133e+33],1e+30,[-3.55512069e+26 -3.26742267e+26]
[-9.15026785e+33 -3.79722742e+33],1e+30,[-9.28961203e+26 -3.85505322e+26]
[-2.48988530e+33 -7.54508944e+32],1e+30,[-2.52780233e+26 -7.65998928e+25]
[-1.31399348e+32  4.13585723e+33],1e+30,[-1.33400353e+25  4.19883982e+26]
[-1.09325682e+34 -4.03224713e+33],1e+30,[-1.10990540e+27 -4.09365191e+26]
[-1.88755870e+33 -8.43064225e+33],1e+30,[-1.91630325e+26 -8.55902766e+26]
[-3.75504180e+33 -5.32654872e+33],1e+30,[-3.81222518e+26 -5.40766368e+26]
[7.76259975e+32 3.33089728e+32],1e+30,[7.88081192e+25 3.38162161e+25]
[4.34814206e+33 8.94404959e+32],1e+30,[4.41435742e+26 9.08025339e+25]
[ 2.75719116e+33 -5.52292702e+33],1e+30,[ 2.79917884e+26 -5.60703251e+26]
[ 3.95781639e+34 -3.25815651e+34],1e+30,[ 4.01808771e+27 -3.30777311e+27]
[ 2.00033489e+33 -4.81909431e+33],1e+30,[ 2.03079684e+26 -4.89248153e+26]
[3.19219884e+33 1.27324254e+33],1e+30,[3.24081101e+26 1.29263202e+26]
[-1.96586364e+34  8.74760542e+33],1e+30,[-1.99580065e+27  8.88081769e+26]
[1.67756301e+33 2.31835537e+33],1e+30,[1.70310965e+26 2.35366027e+26]
[-6.19647522e+33 -4.39442933e+31],1e+30,[-6.29083779e+26 -4.46134957e+24]
[2.97929906e+33 1.01309443e+33],1e+30,[3.02466910e+26 1.02852227e+26]
[8.67599632e+32 7.39077941e+32],1e+30,[8.80811809e+25 7.50332935e+25]
[2.64727617e+32 4.52589260e+33],1e+30,[2.68759002e+25 4.59481482e+26]
[-2.20859172e+33 -8.00164492e+31],1e+30,[-2.24222510e+26 -8.12349739e+24]
[ 8.30843727e+33 -9.72871209e+33],1e+30,[ 8.43496170e+26 -9.87686506e+26]
[5.68251753e+32 1.14316366e+33],1e+30,[5.76905333e+25 1.16057224e+26]
[-1.60487094e+33 -1.18880860e+32],1e+30,[-1.62931060e+26 -1.20691228e+25]
[ 5.68742212e+33 -7.53083233e+32],1e+30,[ 5.77403261e+26 -7.64551506e+25]
[ 2.51699330e+33 -1.28111649e+33],1e+30,[ 2.55532314e+26 -1.30062588e+26]
[7.29370156e+33 8.63540192e+33],1e+30,[7.40477316e+26 8.76690550e+26]
[2.54275244e+33 2.85479219e+31],1e+30,[2.58147456e+26 2.89826618e+24]
[-1.75986035e+33 -1.74060981e+33],1e+30,[-1.78666026e+26 -1.76711656e+26]
[-2.50309505e+33 -8.69258000e+32],1e+30,[-2.54121325e+26 -8.82495431e+25]
[ 1.43141596e+33 -4.42397210e+33],1e+30,[ 1.45321418e+26 -4.49134223e+26]
[ 7.00968794e+32 -2.20959205e+33],1e+30,[ 7.11643446e+25 -2.24324066e+26]
[-1.56855384e+34 -4.15590947e+34],1e+30,[-1.59244045e+27 -4.21919743e+27]
[-1.02514763e+33 -2.63211160e+33],1e+30,[-1.04075902e+26 -2.67219452e+26]
[7.91739854e+32 8.43688799e+32],1e+30,[8.03796807e+25 8.56536852e+25]
[-4.63893389e+34 -3.66362172e+34],1e+30,[-4.70957756e+27 -3.71941291e+27]
[-6.91593797e+33  5.55764633e+33],1e+30,[-7.02125683e+26  5.64228053e+26]
[-2.65018007e+33  5.55731001e+33],1e+30,[-2.69053815e+26  5.64193910e+26]
[-1.50129173e+33 -4.53985407e+33],1e+30,[-1.52415404e+26 -4.60898890e+26]
[-2.40889629e+33  1.21369542e+34],1e+30,[-2.44557999e+26  1.23217809e+27]
[2.13159687e+33 6.42564064e+32],1e+30,[2.16405774e+26 6.52349303e+25]
[ 2.43996772e+33 -9.54268264e+31],1e+30,[ 2.47712459e+26 -9.68800268e+24]
[-2.54700059e+33  3.93010499e+33],1e+30,[-2.5857874e+26  3.9899543e+26]
[8.06083082e+33 7.77633758e+32],1e+30,[8.18358459e+26 7.89475896e+25]
[ 1.27469159e+33 -5.59221576e+32],1e+30,[ 1.29410314e+26 -5.67737641e+25]
[-9.86396092e+32  2.44930185e+33],1e+30,[-1.00141735e+26  2.48660086e+26]
[-2.10036805e+33 -2.17426240e+33],1e+30,[-2.13235335e+26 -2.20737300e+26]
[ 1.98343476e+33 -1.69191988e+33],1e+30,[ 2.01363935e+26 -1.71768516e+26]
[8.76361936e+32 1.47318091e+33],1e+30,[8.89707550e+25 1.49561513e+26]
[7.68612533e+31 5.19905460e+33],1e+30,[7.80317292e+24 5.27822802e+26]
[1.82749115e+34 5.82086872e+33],1e+30,[1.85532097e+27 5.90951139e+26]
[ 2.76835199e+31 -6.99598853e+32],1e+30,[ 2.81050964e+24 -7.10252643e+25]
[6.88594568e+33 3.83898598e+33],1e+30,[6.99080780e+26 3.89744769e+26]
[ 1.31754292e+33 -1.56140097e+33],1e+30,[ 1.33760703e+26 -1.58517865e+26]
[ 3.67801866e+33 -1.73113942e+33],1e+30,[ 3.73402910e+26 -1.75750195e+26]
[1.33066197e+33 2.41110415e+33],1e+30,[1.35092585e+26 2.44782147e+26]
[-1.88161674e+32  4.68696420e+33],1e+30,[-1.91027081e+25  4.75833929e+26]
[ 2.04237093e+33 -4.85608774e+31],1e+30,[ 2.07347302e+26 -4.93003832e+24]
[-9.16966956e+32 -3.19047675e+33],1e+30,[-9.30930920e+25 -3.23906269e+26]
[-3.71884979e+33 -3.39942857e+33],1e+30,[-3.77548202e+26 -3.45119652e+26]
[1.18568010e+33 2.97227565e+33],1e+30,[1.20373615e+26 3.01753873e+26]
[ 1.46856675e+33 -3.94478763e+32],1e+30,[ 1.49093071e+26 -4.00486054e+25]
[1.12676436e+33 4.69732984e+32],1e+30,[1.14392321e+26 4.76886278e+25]
[ 2.53818527e+33 -7.83971430e+31],1e+30,[ 2.57683784e+26 -7.95910081e+24]
[-1.52622002e+33 -2.45043834e+33],1e+30,[-1.54946195e+26 -2.48775466e+26]
[7.49732994e+32 2.00659826e+32],1e+30,[7.61150247e+25 2.03715559e+25]
[ 9.74497368e+32 -3.37300149e+33],1e+30,[ 9.8933743e+25 -3.4243670e+26]
[ 9.16001508e+33 -1.01591666e+34],1e+30,[ 9.29950770e+26 -1.03138747e+27]
[-4.92172656e+33 -9.09220017e+32],1e+30,[-4.99667671e+26 -9.23066008e+25]
[-2.70064064e+34 -3.12575945e+34],1e+30,[-2.74176715e+27 -3.17335984e+27]
[-1.69472694e+33  2.94734992e+33],1e+30,[-1.72053497e+26  2.99223342e+26]
[-6.68251629e+33  1.63628679e+33],1e+30,[-6.78428050e+26  1.66120487e+26]
[ 8.29417108e+33 -3.82161745e+33],1e+30,[ 8.42047825e+26 -3.87981467e+26]
[-1.61023527e+33  1.46135703e+33],1e+30,[-1.63475662e+26  1.48361120e+26]
[7.55015498e+32 1.74599486e+33],1e+30,[7.66513196e+25 1.77258361e+26]
[ 8.58490642e+32 -2.36637456e+33],1e+30,[ 8.71564103e+25 -2.40241072e+26]
[-2.42268134e+33 -1.00637424e+33],1e+30,[-2.45957496e+26 -1.02169974e+26]
[-1.79180004e+34 -1.15790776e+34],1e+30,[-1.81908633e+27 -1.17554087e+27]
[-9.04336338e+33  1.39014910e+33],1e+30,[-9.18107957e+26  1.41131888e+26]
[-3.91875394e+33 -2.57677919e+33],1e+30,[-3.97843039e+26 -2.61601948e+26]
[-2.19291816e+33 -1.93817718e+33],1e+30,[-2.22631285e+26 -1.96769257e+26]
[ 1.98675734e+34 -1.22212977e+34],1e+30,[ 2.01701253e+27 -1.24074089e+27]
[ 1.26857629e+33 -2.49801151e+33],1e+30,[ 1.28789471e+26 -2.53605229e+26]
[-5.36766038e+33 -1.77913224e+33],1e+30,[-5.44940140e+26 -1.80622562e+26]
[-8.81532206e+32  8.71052820e+32],1e+30,[-8.94956554e+25  8.84317584e+25]
[-3.87081963e+32  3.05064002e+32],1e+30,[-3.92976612e+25  3.09709647e+25]
[4.09616202e+33 1.44103301e+32],1e+30,[4.15854012e+26 1.46297768e+25]
[-1.37709998e+33  2.04785328e+33],1e+30,[-1.39807104e+26  2.07903887e+26]
[-2.12057035e+33 -2.50841873e+33],1e+30,[-2.1528633e+26 -2.5466180e+26]
[1.22665822e+33 8.05929189e+32],1e+30,[1.24533829e+26 8.18202223e+25]
[-9.4109597e+32 -2.0963555e+33],1e+30,[-9.55427381e+25 -2.12827970e+26]
[ 5.41847463e+32 -1.23276284e+34],1e+30,[ 5.50098948e+25 -1.25153588e+27]
[-3.82393182e+33  5.45669409e+33],1e+30,[-3.88216428e+26  5.53979096e+26]
[ 3.82789731e+33 -4.61313697e+33],1e+30,[ 3.88619016e+26 -4.68338779e+26]
[7.50237583e+32 9.72926014e+32],1e+30,[7.61662521e+25 9.87742146e+25]
[ 2.77557542e+33 -2.02832624e+33],1e+30,[ 2.81784307e+26 -2.05921446e+26]
[-4.17564144e+32 -2.57734605e+33],1e+30,[-4.23922989e+25 -2.61659498e+26]
[5.19790783e+33 9.53650551e+33],1e+30,[5.27706378e+26 9.68173149e+26]
[-1.93001726e+34 -7.12683947e+32],1e+30,[-1.95940839e+27 -7.23537002e+25]
[ 1.19688816e+33 -4.69082241e+33],1e+30,[ 1.21511488e+26 -4.76225626e+26]
[1.36037101e+33 1.72316518e+34],1e+30,[1.38108732e+26 1.74940628e+27]
[1.04466141e+33 1.26996283e+33],1e+30,[1.06056996e+26 1.28930237e+26]
[-3.36043350e+34  2.04477596e+34],1e+30,[-3.41160761e+27  2.07591468e+27]
[ 1.03370286e+33 -6.92111888e+32],1e+30,[ 1.04944453e+26 -7.02651663e+25]
[2.92813889e+33 1.00139419e+33],1e+30,[2.97272984e+26 1.01664385e+26]
[-1.47059207e+35 -4.54949485e+34],1e+30,[-1.49298687e+28 -4.61877649e+27]
[ 4.85641453e+32 -7.76796967e+32],1e+30,[ 4.93037008e+25 -7.88626362e+25]
[-7.61839989e+31  5.06366551e+33],1e+30,[-7.73441613e+24  5.14077717e+26]
[-5.98905278e+33 -9.02877336e+33],1e+30,[-6.08025663e+26 -9.16626737e+26]
[-3.35557550e+33 -3.39656591e+33],1e+30,[-3.40667564e+26 -3.44829026e+26]
[9.87298288e+32 5.15226711e+32],1e+30,[1.00233329e+26 5.23072803e+25]
[-1.43656409e+33  8.88695412e+31],1e+30,[-1.45844070e+26  9.02228845e+24]
[2.38917913e+34 3.35296198e+34],1e+30,[2.42556257e+27 3.40402232e+27]
[-3.72720668e+33 -8.80629987e+33],1e+30,[-3.78396618e+26 -8.94040596e+26]
[-1.14895262e+33  4.34708714e+33],1e+30,[-1.16644936e+26  4.41328644e+26]
[ 4.69351249e+33 -2.71422413e+33],1e+30,[ 4.76498730e+26 -2.75555749e+26]
[1.99830949e+32 1.23620500e+33],1e+30,[2.02874060e+25 1.25503046e+26]
[-6.13092231e+33 -2.16516448e+33],1e+30,[-6.22428661e+26 -2.19813652e+26]
[1.05868897e+33 2.81574581e+33],1e+30,[1.07481114e+26 2.85862518e+26]
[-2.64493580e+33  8.25876359e+33],1e+30,[-2.68521401e+26  8.38453156e+26]
[1.22116187e+35 1.49266771e+35],1e+30,[1.23975824e+28 1.51539869e+28]
[-3.81941894e+33  1.87709848e+33],1e+30,[-3.87758268e+26  1.90568374e+26]
[1.73111731e+33 3.69048654e+33],1e+30,[1.75747950e+26 3.74668684e+26]
[ 2.04767377e+34 -1.31217620e+34],1e+30,[ 2.07885662e+27 -1.33215858e+27]
[3.57594410e+33 3.43549356e+33],1e+30,[3.63040010e+26 3.48781072e+26]
[2.88984941e+31 4.85141656e+33],1e+30,[2.93385727e+24 4.92529600e+26]
[-1.82602891e+33 -1.61049305e+33],1e+30,[-1.85383646e+26 -1.63501833e+26]
[ 1.59779057e+35 -5.24380644e+34],1e+30,[ 1.62212240e+28 -5.32366136e+27]
[1.53539837e+34 7.56693407e+33],1e+30,[1.55878007e+27 7.68216657e+26]
[-2.81062484e+33  2.07899471e+32],1e+30,[-2.85342623e+26  2.11065453e+25]
[-5.67993216e+33  7.97728436e+33],1e+30,[-5.76642858e+26  8.09876585e+26]
[3.39290169e+33 1.96957401e+33],1e+30,[3.44457024e+26 1.99956753e+26]
[2.80445313e+33 1.87245864e+33],1e+30,[2.84716054e+26 1.90097324e+26]
[ 4.51530999e+34 -1.91629015e+34],1e+30,[ 4.58407106e+27 -1.94547223e+27]
[-4.09507798e+33 -4.82460426e+33],1e+30,[-4.15743957e+26 -4.89807540e+26]
[-2.17507729e+33 -3.24409806e+31],1e+30,[-2.20820030e+26 -3.29350057e+24]
[3.90285954e+33 6.20225707e+32],1e+30,[3.96229395e+26 6.29670768e+25]
[ 1.10977091e+34 -6.39835887e+33],1e+30,[ 1.12667097e+27 -6.49579580e+26]
[-8.23319665e+33  3.26386642e+33],1e+30,[-8.35857528e+26  3.31356997e+26]
[ 6.10331023e+34 -2.85950562e+33],1e+30,[ 6.19625404e+27 -2.90305139e+26]
[-1.20081541e+34 -6.22340301e+33],1e+30,[-1.21910194e+27 -6.31817564e+26]
[-1.86229615e+33 -1.81697606e+33],1e+30,[-1.89065599e+26 -1.84464575e+26]
[-2.07894721e+34 -3.12763134e+34],1e+30,[-2.11060631e+27 -3.17526024e+27]
[ 3.20939724e+33 -1.11748254e+33],1e+30,[ 3.25827131e+26 -1.13450004e+26]
[-4.24107674e+33  1.78263883e+33],1e+30,[-4.30566166e+26  1.80978562e+26]
[ 1.89098567e+33 -2.18162001e+33],1e+30,[ 1.91978240e+26 -2.21484265e+26]
[2.17771998e+32 1.15206639e+33],1e+30,[2.21088322e+25 1.16961055e+26]
[-8.17103806e+32 -2.30335898e+33],1e+30,[-8.29547011e+25 -2.33843551e+26]
[ 3.79298193e+33 -7.80729332e+33],1e+30,[ 3.85074308e+26 -7.92618611e+26]
[ 2.28296306e+33 -4.12211754e+33],1e+30,[ 2.31772899e+26 -4.18489091e+26]
[-1.07510161e+34 -6.82189485e+34],1e+30,[-1.09147372e+27 -6.92578157e+27]
[-5.23063775e+33  4.07163797e+33],1e+30,[-5.31029214e+26  4.13364261e+26]
[4.42244510e+33 4.74158646e+32],1e+30,[4.48979198e+26 4.81379336e+25]
[3.82982259e+33 1.05167154e+34],1e+30,[3.88814476e+26 1.06768685e+27]
[-2.78064108e+33 -7.54471143e+32],1e+30,[-2.82298587e+26 -7.65960551e+25]
[-2.83242679e+33  9.97528581e+32],1e+30,[-2.87556019e+26  1.01271937e+26]
[ 7.79014794e+32 -5.35723402e+33],1e+30,[ 7.90877963e+25 -5.43881627e+26]
[2.14292600e+33 5.18346597e+31],1e+30,[2.17555939e+26 5.26240200e+24]
[-2.45720514e+33 -2.19309627e+33],1e+30,[-2.49462451e+26 -2.22649368e+26]
[-3.93179863e+33 -1.73371637e+34],1e+30,[-3.99167374e+26 -1.76011814e+27]
[3.12062168e+33 1.74955241e+33],1e+30,[3.16814384e+26 1.77619534e+26]
[-2.19338715e+33 -5.50261772e+33],1e+30,[-2.22678899e+26 -5.58641393e+26]
[ 7.92661127e+33 -1.66532136e+33],1e+30,[ 8.04732109e+26 -1.69068158e+26]
[-6.04467596e+33 -1.20984779e+34],1e+30,[-6.13672686e+26 -1.22827187e+27]
[-3.59739425e+33  1.04172992e+33],1e+30,[-3.65217690e+26  1.05759382e+26]
[5.17116970e+33 1.21321841e+33],1e+30,[5.24991848e+26 1.23169382e+26]
[-2.65992244e+34  6.15097873e+34],1e+30,[-2.70042887e+27  6.24464846e+27]
[-6.00810622e+32  4.89778294e+33],1e+30,[-6.09960022e+25  4.97236847e+26]
[ 4.93608316e+32 -2.76778844e+33],1e+30,[ 5.01125194e+25 -2.80993750e+26]
[-3.89748866e+33  4.93837716e+34],1e+30,[-3.95684128e+26  5.01358088e+27]
[-3.58790446e+33 -2.70515917e+33],1e+30,[-3.64254260e+26 -2.74635448e+26]
[-9.54666075e+33  5.18040860e+33],1e+30,[-9.69204137e+26  5.25929807e+26]
[-3.07321102e+33  3.75443391e+32],1e+30,[-3.12001119e+26  3.81160803e+25]
[2.08666164e+33 2.84149568e+33],1e+30,[2.11843821e+26 2.88476719e+26]
[-1.28019040e+34  1.01318431e+34],1e+30,[-1.29968569e+27  1.02861351e+27]
[ 3.34315035e+33 -2.11219760e+33],1e+30,[ 3.39406126e+26 -2.14436304e+26]
[3.77310603e+33 2.20707693e+31],1e+30,[3.83056450e+26 2.24068724e+24]
[ 2.15249405e+33 -2.91717396e+32],1e+30,[ 2.18527315e+26 -2.96159793e+25]
[4.80857542e+33 6.23290006e+33],1e+30,[4.88180245e+26 6.32781732e+26]
[ 2.46999593e+33 -5.65589934e+32],1e+30,[ 2.50761008e+26 -5.74202979e+25]
[ 4.11525189e+33 -8.78112418e+31],1e+30,[ 4.17792070e+26 -8.91484688e+24]
[ 4.79858218e+34 -1.36090650e+34],1e+30,[ 4.87165704e+27 -1.38163097e+27]
[ 2.53918520e+34 -1.95879703e+34],1e+30,[ 2.57785300e+27 -1.98862642e+27]
[-3.14646338e+33  6.19855602e+32],1e+30,[-3.19437906e+26  6.29295027e+25]
[-3.43528969e+34 -1.81854426e+34],1e+30,[-3.48760374e+27 -1.84623783e+27]
[5.25916475e+33 6.19230718e+33],1e+30,[5.33925356e+26 6.28660627e+26]
[-1.67261734e+33  2.05761859e+33],1e+30,[-1.69808867e+26  2.08895288e+26]
[-7.58272299e+33  4.45592561e+33],1e+30,[-7.69819593e+26  4.52378234e+26]
[-5.33255376e+33 -1.51545737e+34],1e+30,[-5.41376016e+26 -1.53853540e+27]
[ 6.54778625e+33 -7.14478107e+32],1e+30,[ 6.64749873e+26 -7.25358484e+25]
[-1.68376751e+34 -1.67965163e+34],1e+30,[-1.70940864e+27 -1.70523008e+27]
[ 3.13320669e+33 -7.00349823e+32],1e+30,[ 3.18092049e+26 -7.11015049e+25]
[ 3.15092120e+33 -2.33056645e+33],1e+30,[ 3.19890477e+26 -2.36605731e+26]
[2.37892388e+33 5.86558627e+33],1e+30,[2.41515114e+26 5.95490992e+26]
[ 2.85704940e+33 -1.00008946e+33],1e+30,[ 2.90055777e+26 -1.01531925e+26]
[-2.27073282e+33 -1.81438602e+33],1e+30,[-2.30531250e+26 -1.84201627e+26]
[9.40434189e+32 2.14400837e+33],1e+30,[9.54755522e+25 2.17665824e+26]
[3.09036939e+33 2.81908530e+33],1e+30,[3.13743086e+26 2.86201553e+26]
[-3.94707840e+33  1.50929629e+33],1e+30,[-4.00718619e+26  1.53228050e+26]
[-2.18983654e+33 -4.11702297e+33],1e+30,[-2.22318430e+26 -4.17971875e+26]
[-1.61188736e+33 -6.16360389e+33],1e+30,[-1.63643387e+26 -6.25746588e+26]
[-9.20223263e+32 -5.26660216e+33],1e+30,[-9.34236816e+25 -5.34680422e+26]
[-1.94667379e+33  9.57764107e+31],1e+30,[-1.97631857e+26  9.72349348e+24]
[9.44176545e+33 2.44639028e+33],1e+30,[9.58554868e+26 2.48364495e+26]
[2.51328564e+34 5.48922364e+33],1e+30,[2.55155902e+27 5.57281587e+26]
[-1.39483801e+33 -7.71884594e+32],1e+30,[-1.41607920e+26 -7.83639182e+25]
[-4.34263224e+33  9.49685252e+32],1e+30,[-4.40876370e+26  9.64147464e+25]
[-3.08913826e+33 -1.96452970e+33],1e+30,[-3.13618097e+26 -1.99444639e+26]
[-4.35220625e+33  1.71708476e+33],1e+30,[-4.41848350e+26  1.74323326e+26]
[1.09511811e+35 9.42252817e+34],1e+30,[1.11179504e+28 9.56601845e+27]
[-8.69804843e+34  5.48717899e+34],1e+30,[-8.83050602e+27  5.57074009e+27]
[-1.77194048e+33 -6.52377285e+33],1e+30,[-1.79892434e+26 -6.62311965e+26]
[-1.16776938e+33 -4.89202545e+33],1e+30,[-1.18555267e+26 -4.96652329e+26]
[-2.23038487e+33 -1.56900077e+33],1e+30,[-2.26435012e+26 -1.59289418e+26]
[ 3.20474240e+33 -6.50507017e+33],1e+30,[ 3.25354558e+26 -6.60413215e+26]
[-5.61468071e+33 -2.57017011e+32],1e+30,[-5.70018346e+26 -2.60930976e+25]
[-2.54366176e+33  1.29690729e+33],1e+30,[-2.58239773e+26  1.31665715e+26]
[-4.53848298e+33 -1.03470698e+34],1e+30,[-4.60759693e+26 -1.05046394e+27]
[-4.74021878e+33  7.76643143e+32],1e+30,[-4.81240485e+26  7.88470196e+25]
[ 4.49091603e+33 -4.49204872e+33],1e+30,[ 4.55930562e+26 -4.56045555e+26]
[ 7.53911675e+32 -4.46070871e+33],1e+30,[ 7.65392563e+25 -4.52863828e+26]
[-2.73811194e+33  5.91118979e+32],1e+30,[-2.77980907e+26  6.00120791e+25]
[-8.30495218e+33 -6.81377760e+33],1e+30,[-8.43142353e+26 -6.91754071e+26]
[ 1.60358212e+33 -2.94659324e+33],1e+30,[ 1.62800216e+26 -2.99146522e+26]
[2.71467141e+34 6.40642607e+33],1e+30,[2.75601158e+27 6.50398586e+26]
[ 1.52194956e+32 -3.18442739e+33],1e+30,[ 1.54512646e+25 -3.23292121e+26]
[-3.15855966e+33 -3.70894148e+33],1e+30,[-3.20665956e+26 -3.76542282e+26]
[-1.41233489e+33 -1.52692433e+34],1e+30,[-1.43384252e+26 -1.55017699e+27]
[-1.47408022e+33 -2.47875924e+33],1e+30,[-1.49652815e+26 -2.51650684e+26]
[-9.55460416e+32  2.34749358e+33],1e+30,[-9.70010574e+25  2.38324221e+26]
[2.0878040e+33 4.2295171e+33],1e+30,[2.11959797e+26 4.29392599e+26]
[6.97288954e+32 4.76670247e+33],1e+30,[7.07907567e+25 4.83929185e+26]
[-2.72139606e+32 -1.94077343e+33],1e+30,[-2.76283864e+25 -1.97032835e+26]
[-4.42119472e+32  3.25151296e+33],1e+30,[-4.48852255e+25  3.30102839e+26]
[-1.41321585e+34  4.02991472e+33],1e+30,[-1.43473691e+27  4.09128398e+26]
[-7.09030252e+34 -8.34820794e+34],1e+30,[-7.19827667e+27 -8.47533801e+27]
[4.78373208e+33 2.49960184e+32],1e+30,[4.85658079e+26 2.53766684e+25]
[6.81349126e+32 1.60421790e+33],1e+30,[6.91725001e+25 1.62864762e+26]
[5.22497793e+33 8.68472775e+32],1e+30,[5.30454612e+26 8.81698249e+25]
[-1.34412702e+34 -8.64467081e+32],1e+30,[-1.36459596e+27 -8.77631555e+25]
[ 7.03214665e+33 -2.37606955e+33],1e+30,[ 7.13923518e+26 -2.41225335e+26]
[ 2.3007222e+34 -2.0446330e+34],1e+30,[ 2.33575858e+27 -2.07576955e+27]
[2.79474811e+33 7.29931390e+32],1e+30,[2.83730773e+26 7.41047097e+25]
[-4.49728471e+33  1.10358952e+33],1e+30,[-4.56577128e+26  1.12039545e+26]
[-2.39453531e+32 -8.26402712e+32],1e+30,[-2.43100031e+25 -8.38987524e+25]
[-3.64237274e+33 -1.63254579e+33],1e+30,[-3.69784035e+26 -1.65740689e+26]
[ 4.00307500e+33 -5.36978674e+33],1e+30,[ 4.06403553e+26 -5.45156014e+26]
[ 2.87841119e+33 -1.51823741e+33],1e+30,[ 2.92224486e+26 -1.54135778e+26]
[ 3.14745588e+33 -1.31854182e+33],1e+30,[ 3.19538668e+26 -1.33862114e+26]
[3.57347064e+33 5.09979009e+33],1e+30,[3.62788897e+26 5.17745187e+26]
[-5.64571730e+33 -4.37261081e+34],1e+30,[-5.73169269e+26 -4.43919879e+27]
[-2.39632965e+33  2.20725285e+33],1e+30,[-2.43282198e+26  2.24086584e+26]
[-9.02927342e+32 -4.80657329e+33],1e+30,[-9.16677505e+25 -4.87976984e+26]
[-2.66159792e+33 -1.17957621e+33],1e+30,[-2.70212987e+26 -1.19753930e+26]
